duration_ms,danceability,energy,key,loudness,mode,speechiness,acousticness,instrumentalness,liveness,valence,tempo,time_signature,track_genre
444171,0.446,0.651,5,-13.349,1,0.312,0.642,0.000421,0.882,0.597,123.092,4,blues
186513,0.584,0.57,1,-7.478,1,0.0289,0.479,0,0.1,0.331,94.993,1,blues
196466,0.489,0.349,2,-14.295,0,0.0323,0.676,0.0789,0.0866,0.622,124.348,4,blues
257828,0.246,0.63,0,-5.551,1,0.0336,0.00084,0.0088,0.292,0.211,126.457,4,blues
198762,0.486,0.892,7,-3.529,1,0.0606,0.0774,0,0.0532,0.361,72.984,4,blues
169680,0.461,0.663,0,-9.278,1,0.0869,0.39,0,0.422,0.769,135.35,4,blues
214400,0.613,0.825,8,-2.717,0,0.187,0.245,0,0.245,0.402,150.072,4,blues
241120,0.884,0.414,4,-9.98,1,0.065,0.462,0,0.22,0.696,91.998,4,blues
212546,0.849,0.803,5,-4.514,0,0.0616,0.0745,3.51E-05,0.0621,0.962,111.008,4,blues
199840,0.479,0.915,0,-2.942,1,0.0755,0.057,0.000367,0.284,0.375,152.016,4,blues
256706,0.773,0.831,0,-5.383,1,0.0489,0.00499,1.40E-06,0.0531,0.628,139.053,4,blues
126004,0.577,0.683,5,-5.873,1,0.0514,0.0638,1.04E-06,0.194,0.745,155.046,4,blues
280320,0.695,0.554,0,-10.784,1,0.0335,0.198,0.0146,0.314,0.846,139.955,4,blues
279293,0.762,0.474,4,-10.47,0,0.0406,0.059,5.64E-05,0.279,0.845,96.263,4,blues
267946,0.837,0.38,7,-13.341,0,0.064,0.541,0.00789,0.198,0.892,104.995,4,blues
256342,0.674,0.751,4,-4.672,0,0.0359,0.181,0,0.191,0.471,106.007,4,blues
243266,0.43,0.141,0,-16.376,1,0.0286,0.757,0.000499,0.127,0.143,93.577,3,blues
381421,0.309,0.37,0,-10.991,1,0.032,0.866,0.529,0.111,0.176,128.762,4,blues
235346,0.451,0.692,9,-7.016,1,0.04,0.000614,0.0104,0.11,0.533,170.027,4,blues
181840,0.653,0.402,0,-11.785,1,0.0476,0.623,0.814,0.112,0.453,88.643,4,blues
152000,0.75,0.795,5,-4.303,1,0.0396,0.0843,0,0.235,0.777,120.027,4,blues
187666,0.262,0.356,0,-8.031,0,0.0303,0.613,0,0.175,0.426,174.176,3,blues
239830,0.905,0.569,4,-4.481,0,0.0829,0.0349,0,0.458,0.704,91.994,4,blues
361226,0.716,0.816,5,-6.163,1,0.0544,0.0442,0.00142,0.0442,0.834,125.631,4,blues
226000,0.504,0.907,0,-5.491,0,0.066,0.00017,0.000161,0.187,0.418,120.017,4,blues
263266,0.428,0.564,0,-6.179,1,0.038,0.153,0,0.0532,0.452,202.29,3,blues
354626,0.751,0.64,11,-7.539,0,0.0364,0.282,7.89E-05,0.0692,0.792,118.446,4,blues
290240,0.967,0.666,7,-4.065,1,0.161,0.177,0.000748,0.0512,0.897,116.013,4,blues
383502,0.448,0.421,4,-6.959,1,0.0412,0.507,2.28E-05,0.0707,0.367,146.427,3,blues
241075,0.882,0.55,9,-6.004,1,0.0594,0.014,0.00434,0.0821,0.838,141.094,4,blues
205343,0.495,0.529,2,-6.04,0,0.0296,0.316,0.000146,0.222,0.452,81.961,4,blues
209520,0.578,0.836,2,-6.607,1,0.0512,0.163,1.36E-06,0.0583,0.932,167.026,4,blues
313813,0.828,0.487,10,-7.946,1,0.0901,0.439,0,0.333,0.683,115.975,4,blues
202773,0.552,0.313,5,-12.41,1,0.0296,0.916,0.0017,0.12,0.303,88.554,3,blues
245625,0.612,0.884,5,-4.4,1,0.0459,0.00516,0,0.0997,0.626,119.991,4,blues
292000,0.626,0.476,9,-8.585,1,0.0477,0.705,0.000133,0.657,0.653,78.762,3,blues
204000,0.324,0.887,6,-3.267,0,0.585,0.0727,0,0.195,0.429,159.303,4,blues
135906,0.44,0.408,7,-9.774,1,0.0271,0.729,2.48E-06,0.0881,0.479,102.095,3,blues
220173,0.521,0.484,4,-6.122,0,0.0747,0.0272,0.000191,0.0904,0.758,79.625,4,blues
196360,0.54,0.553,1,-6.685,1,0.0307,0.539,0,0.229,0.687,127.193,4,blues
166346,0.782,0.619,7,-9.832,0,0.129,0.235,1.09E-05,0.149,0.696,115.028,4,blues
135000,0.35,0.492,6,-11.239,0,0.0379,0.14,0.8,0.109,0.232,75.039,4,blues
309120,0.439,0.529,11,-7.023,0,0.0363,0.0596,7.02E-05,0.0936,0.549,159.959,4,blues
290213,0.738,0.669,0,-6.856,1,0.0288,0.165,2.33E-06,0.572,0.759,107,4,blues
263746,0.73,0.639,7,-11.025,0,0.0524,0.0853,0.00221,0.102,0.658,94.395,4,blues
184000,0.835,0.72,11,-4.977,0,0.341,0.0783,0,0.375,0.572,124.027,4,blues
143693,0.694,0.306,2,-19.315,1,0.0353,0.171,0.0736,0.0866,0.521,95.989,4,blues
196173,0.539,0.788,9,-3.227,0,0.0396,0.0089,0,0.29,0.357,159.986,4,blues
264173,0.93,0.621,8,-5.424,0,0.215,0.0144,0,0.19,0.927,95.004,4,blues
329031,0.416,0.484,9,-7.528,1,0.0463,0.295,0,0.146,0.232,102.278,4,blues
210774,0.537,0.878,5,-7.861,1,0.0926,0.0222,0,0.0812,0.362,150.998,4,blues
246720,0.65,0.806,9,-5.989,0,0.0463,0.51,2.62E-06,0.96,0.712,122.002,4,blues
135573,0.493,0.602,5,-9.836,1,0.334,0.607,1.82E-06,0.122,0.872,203.334,4,blues
292937,0.431,0.625,7,-8.313,1,0.0264,0.00968,1.00E-06,0.0811,0.269,82.935,4,blues
232666,0.624,0.306,2,-11.831,1,0.0318,0.634,2.67E-05,0.0632,0.227,139.912,4,blues
271760,0.498,0.242,9,-12.238,1,0.0257,0.835,0.536,0.133,0.312,153.744,4,blues
205264,0.762,0.63,9,-7.401,1,0.243,0.532,0,0.0727,0.819,102.23,4,blues
196440,0.455,0.106,2,-14.086,1,0.0422,0.986,0,0.122,0.258,66.807,4,blues
276933,0.634,0.585,10,-13.112,1,0.0305,0.0729,0.0805,0.0953,0.61,113.463,3,blues
197760,0.785,0.772,7,-8.438,1,0.0331,0.641,0,0.312,0.969,128.015,4,blues
198680,0.392,0.873,0,-3.209,1,0.0474,0.225,0,0.135,0.828,90.113,4,blues
277000,0.69,0.618,9,-8.891,0,0.0343,0.209,0,0.181,0.707,107.24,4,blues
159412,0.576,0.64,2,-5.252,1,0.0351,0.0585,0.000156,0.571,0.544,83.996,4,blues
302720,0.361,0.441,4,-7.999,0,0.0279,0.911,0.000116,0.774,0.0789,95.457,4,blues
281887,0.386,0.414,7,-7.771,1,0.029,0.00182,0.0021,0.111,0.18,126.22,3,blues
228386,0.295,0.738,10,-5.384,1,0.12,0.0101,0.000142,0.063,0.301,75.003,4,blues
254466,0.528,0.563,2,-6.975,1,0.041,0.706,0.0155,0.149,0.652,168.403,3,blues
165612,0.598,0.713,2,-4.87,1,0.106,0.0493,0,0.262,0.668,75.968,4,blues
239653,0.855,0.532,10,-5.119,0,0.0592,0.0154,8.17E-06,0.227,0.877,102.941,4,blues
197319,0.47,0.915,0,-3.901,0,0.0505,0.131,0,0.305,0.791,167.011,4,blues
193490,0.556,0.583,2,-5.256,0,0.0335,0.0256,2.73E-05,0.115,0.327,75.017,4,blues
238680,0.69,0.573,7,-7.94,1,0.0738,0.0616,0,0.178,0.694,121.372,4,blues
245146,0.517,0.386,9,-12.004,1,0.0288,0.796,0.00184,0.109,0.248,70.135,4,blues
234766,0.367,0.775,0,-4.314,1,0.0409,0.0706,1.12E-05,0.0983,0.397,144.032,3,blues
219866,0.637,0.918,9,-5.073,1,0.0711,0.062,0.0097,0.177,0.517,115.839,4,blues
242720,0.838,0.753,5,-5.74,1,0.0516,0.0443,0,0.0776,0.963,100.015,4,blues
192352,0.549,0.875,5,-9.763,1,0.0446,0.00995,4.59E-06,0.198,0.389,102.025,4,blues
240600,0.581,0.687,6,-5.4,1,0.105,0.229,0,0.109,0.187,76.014,4,blues
301133,0.692,0.493,9,-9.662,0,0.0325,0.0934,0.00166,0.128,0.28,86.644,4,blues
223146,0.77,0.648,11,-6.928,1,0.0438,0.0283,0,0.199,0.917,108.475,4,blues
312173,0.307,0.43,2,-11.333,1,0.0629,0.288,0.000994,0.0988,0.305,145.224,3,blues
211948,0.612,0.635,1,-4.841,1,0.038,0.00369,2.18E-05,0.181,0.76,77.025,4,blues
378640,0.774,0.54,10,-8.186,0,0.0303,0.134,0.00019,0.129,0.639,120.025,4,blues
223811,0.689,0.728,0,-4.276,1,0.0501,0.412,1.19E-06,0.162,0.718,150.023,4,blues
179440,0.743,0.733,10,-5.465,1,0.0299,0.663,6.94E-05,0.125,0.93,109.969,4,blues
236586,0.272,0.343,10,-6.765,0,0.0293,0.212,5.49E-06,0.0933,0.158,199.642,3,blues
305946,0.296,0.669,0,-5.364,0,0.0452,0.03,0.831,0.154,0.679,74.692,4,blues
113188,0.749,0.34,0,-11.855,1,0.183,0.265,1.25E-05,0.0791,0.431,94.026,4,blues
221848,0.605,0.61,4,-8.816,0,0.043,0.53,3.56E-06,0.127,0.315,118.907,4,blues
198909,0.785,0.626,6,-7.776,0,0.0516,0.388,0,0.353,0.451,110.96,4,blues
211680,0.797,0.805,4,-6.508,0,0.0696,0.0287,0.00441,0.0596,0.839,123.384,4,blues
300538,0.693,0.548,2,-10.612,1,0.0266,0.387,4.40E-06,0.103,0.663,105.187,4,blues
207098,0.536,0.561,7,-7.333,1,0.0273,0.00388,2.51E-05,0.225,0.387,139.947,4,blues
193714,0.447,0.788,2,-4.994,0,0.0464,0.00257,1.68E-05,0.0744,0.505,80.04,4,blues
169487,0.73,0.8,1,-4.779,1,0.042,0.0399,5.09E-05,0.109,0.692,117.038,4,blues
250802,0.878,0.602,1,-5.161,1,0.0871,0.25,4.78E-06,0.0389,0.964,141.973,4,blues
202173,0.612,0.921,7,-2.882,1,0.085,0.0183,0,0.0576,0.446,139.988,4,blues
247800,0.697,0.666,5,-9.486,0,0.0543,0.152,0,0.116,0.762,95.976,4,blues
193306,0.436,0.822,5,-2.967,1,0.0314,0.000217,0.00287,0.325,0.378,85.022,4,blues
242520,0.397,0.467,4,-13.932,1,0.0304,0.0138,0.000897,0.114,0.396,142.851,4,blues
596181,0.212,0.108,4,-16.583,1,0.0364,0.985,0.952,0.111,0.0958,70.953,5,classical
171426,0.163,0.0785,2,-21.377,1,0.0328,0.979,0.13,0.107,0.047,147.027,3,classical
203000,0.377,0.193,4,-18.928,0,0.0449,0.987,0.9,0.0884,0.285,153.373,3,classical
1341746,0.64,0.494,0,-8.186,1,0.0592,0.96,0,0.0706,0.668,116.006,3,classical
642480,0.387,0.163,9,-19.462,1,0.0356,0.985,0.933,0.191,0.316,131.921,4,classical
409000,0.201,0.0659,5,-27.143,1,0.0521,0.972,0.931,0.0551,0.089,91.363,4,classical
517106,0.382,0.0982,10,-20.443,1,0.0501,0.991,0.884,0.0955,0.156,70.881,4,classical
507146,0.264,0.106,7,-26.447,1,0.0412,0.991,0.955,0.0849,0.193,80.254,4,classical
284000,0.502,0.0308,5,-26.86,1,0.063,0.995,0.915,0.0805,0.312,72.88,4,classical
97906,0.422,0.0238,5,-27.829,1,0.0413,0.994,0.909,0.111,0.717,155.189,4,classical
219226,0.403,0.196,3,-20.749,1,0.049,0.993,0.884,0.113,0.548,99.506,4,classical
169666,0.162,0.0898,2,-23.269,0,0.0354,0.944,0.917,0.187,0.0413,132.047,3,classical
258760,0.126,0.0499,1,-22.935,0,0.0393,0.648,0.887,0.141,0.115,96.29,4,classical
329456,0.441,0.499,7,-6.558,1,0.0378,0.97,0.00151,0.447,0.514,128.364,4,classical
243600,0.13,0.286,11,-19.418,1,0.0383,0.96,0.322,0.326,0.104,46.496,3,classical
516000,0.319,0.0541,4,-20.544,0,0.0388,0.949,0.537,0.0929,0.1,129.399,3,classical
69333,0.441,0.0207,5,-27.772,1,0.0488,0.965,0.0017,0.118,0.289,115.397,4,classical
234720,0.472,0.27,0,-23.245,1,0.092,0.831,0.789,0.0552,0.467,150.013,4,classical
203426,0.428,0.119,4,-24.668,1,0.0374,0.952,0.000416,0.429,0.248,79.497,4,classical
382026,0.429,0.568,9,-13.5,1,0.505,0.935,0.000795,0.418,0.887,61.307,4,classical
74866,0.602,0.25,0,-12.717,1,0.0422,0.964,0.89,0.175,0.362,124.632,4,classical
94666,0.464,0.125,7,-16.569,1,0.0693,0.919,0.13,0.284,0.813,153.056,4,classical
51223,0.234,0.112,5,-28.132,1,0.0449,0.994,0.903,0.14,0.769,157.187,4,classical
57133,0.451,0.0159,0,-35.666,1,0.0644,0.991,0.877,0.0717,0.883,114.211,4,classical
78000,0.477,0.181,10,-17.889,1,0.0485,0.989,0.559,0.123,0.802,118.621,3,classical
101000,0.528,0.029,11,-33.589,0,0.0362,0.966,0.316,0.329,0.239,129.514,4,classical
647040,0.43,0.0947,3,-20.02,1,0.0363,0.989,0.884,0.219,0.322,130.473,4,classical
225880,0.346,0.219,11,-18.842,1,0.0319,0.993,0.732,0.383,0.542,88.687,4,classical
205493,0.0847,0.0856,2,-24.716,0,0.0405,0.964,0.592,0.289,0.0764,84.245,4,classical
87040,0.459,0.0601,5,-19.597,1,0.033,0.99,0.893,0.066,0.443,102.555,4,classical
76640,0.606,0.0771,9,-25.113,1,0.0503,0.995,0.937,0.121,0.647,133.568,4,classical
235080,0.351,0.0076,1,-31.649,1,0.0401,0.98,0.945,0.121,0.0764,130.107,4,classical
586080,0.0871,0.0303,0,-23.895,0,0.0424,0.949,0.827,0.113,0.0346,86.015,4,classical
54040,0.303,0.094,3,-23.87,1,0.0469,0.994,0.806,0.12,0.195,79.928,4,classical
42840,0.299,0.145,9,-17.338,1,0.0345,0.911,0.779,0.18,0.279,80.254,4,classical
271080,0.289,0.139,3,-21.256,0,0.0355,0.991,0.923,0.161,0.226,94.938,4,classical
80466,0.436,0.362,9,-15.762,1,0.0363,0.907,0.864,0.344,0.709,142.696,1,classical
66427,0.46,0.0195,9,-26.835,1,0.045,0.995,0.895,0.0991,0.772,94.078,4,classical
342960,0.515,0.262,9,-12.95,1,0.239,0.978,6.90E-05,0.639,0.647,100.122,4,classical
80699,0.537,0.11,2,-25.941,1,0.0605,0.991,0.848,0.119,0.89,124.812,4,classical
189120,0.524,0.636,0,-7.238,0,0.034,0.782,0.0535,0.0662,0.827,153.114,4,classical
636346,0.325,0.15,2,-24.599,1,0.172,0.961,0.607,0.657,0.174,90.284,4,classical
503341,0.363,0.0911,0,-22.805,1,0.0389,0.969,0.874,0.162,0.228,77.37,4,classical
91400,0.538,0.107,7,-18.673,1,0.0429,0.987,0.82,0.0962,0.415,114.887,4,classical
212068,0.619,0.626,10,-4.484,0,0.0368,0.555,0,0.308,0.815,72.265,4,classical
201853,0.4,0.247,5,-18.249,0,0.0423,0.818,0.64,0.119,0.394,162.078,4,classical
397013,0.37,0.091,10,-23.86,1,0.0476,0.995,0.929,0.144,0.6,135.595,3,classical
81512,0.472,0.142,0,-21.338,1,0.0452,0.992,0.928,0.182,0.81,119.443,3,classical
264045,0.497,0.34,2,-9.616,1,0.0269,0.67,7.62E-05,0.101,0.172,82.995,4,classical
50859,0.532,0.0549,2,-27.14,1,0.0492,0.992,0.926,0.107,0.778,118.978,4,classical
69080,0.555,0.035,9,-25.875,1,0.034,0.995,0.934,0.135,0.797,140.358,3,classical
58306,0.498,0.061,3,-19.006,1,0.339,0.995,0.916,0.135,0.961,162.641,4,classical
70146,0.314,0.00317,0,-36.183,1,0.0463,0.955,0.000859,0.168,0.288,104.808,4,classical
220013,0.677,0.446,11,-5.146,1,0.0418,0.92,0.19,0.34,0.634,92.975,4,classical
1798933,0.683,0.264,5,-9.791,1,0.336,0.899,0,0.141,0.549,101.052,4,classical
96266,0.326,0.0292,3,-27.326,1,0.0435,0.995,0.929,0.121,0.278,81.689,4,classical
70920,0.523,0.224,10,-19.966,1,0.0403,0.771,0.00984,0.0518,0.961,110.157,4,classical
100793,0.268,0.108,2,-12.058,0,0.0353,0.983,0,0.115,0.331,82.176,4,classical
43586,0.367,0.175,0,-19.716,1,0.0428,0.974,0.853,0.232,0.816,74.077,5,classical
50733,0.284,0.00746,0,-24.282,1,0.0483,0.971,0.913,0.0829,0.396,115.833,4,classical
321488,0.375,0.24,9,-5.916,1,0.0333,0.98,0,0.0971,0.311,94.66,3,classical
451305,0.272,0.614,2,-10.694,1,0.0375,0.616,0.927,0.106,0.558,160.8,4,classical
318511,0.446,0.728,5,-7.137,0,0.124,0.0914,0.000156,0.0599,0.407,93.686,4,classical
691186,0.652,0.478,7,-7.663,1,0.0553,0.962,2.42E-05,0.703,0.83,113.691,4,classical
306480,0.402,0.0481,5,-25.898,1,0.0337,0.974,0.833,0.0997,0.175,103.346,4,classical
61600,0.365,0.136,3,-22.211,1,0.0502,0.984,0.473,0.163,0.546,79.275,4,classical
2646866,0.183,0.274,1,-14.184,1,0.0346,0.95,0.00202,0.0629,0.259,103.624,3,classical
129889,0.343,0.0208,5,-30.632,1,0.048,0.995,0.941,0.0852,0.0778,129.594,4,classical
170866,0.542,0.354,4,-11.254,1,0.0557,0.963,0.00375,0.323,0.757,112.684,4,classical
61800,0.519,0.199,3,-22.841,1,0.0334,0.995,0.939,0.111,0.581,92.138,4,classical
67840,0.32,0.113,7,-12.43,0,0.0382,0.966,0.000111,0.204,0.242,109.406,4,classical
427160,0.389,0.0758,7,-22.677,1,0.0367,0.988,0.698,0.129,0.38,104.385,3,classical
331280,0.441,0.549,0,-9.367,1,0.118,0.654,0.447,0.0997,0.486,75.553,3,classical
203160,0.167,0.133,4,-26.88,0,0.0822,0.774,0.692,0.729,0.204,142.844,4,classical
195870,0.387,0.0519,5,-22.926,0,0.0426,0.991,0.924,0.133,0.152,62.457,4,classical
241986,0.331,0.00735,4,-30.904,0,0.0362,0.991,0.952,0.0968,0.0944,66.628,4,classical
89840,0.513,0.287,10,-19.716,1,0.0472,0.976,0.00247,0.0991,0.265,100.492,4,classical
288906,0.335,0.473,9,-12.607,1,0.058,0.977,0.251,0.218,0.59,94.746,4,classical
58306,0.381,0.0391,9,-25.851,1,0.0451,0.992,0.954,0.253,0.519,111.648,3,classical
67146,0.389,0.113,3,-20.068,1,0.0382,0.991,0.842,0.136,0.74,64.338,5,classical
85000,0.636,0.203,3,-14.286,1,0.0412,0.964,0.326,0.171,0.717,118.5,4,classical
143213,0.377,0.017,11,-30.852,0,0.0453,0.95,0,0.181,0.211,103.907,4,classical
190000,0.32,0.0296,4,-22.273,0,0.0386,0.993,0.96,0.0798,0.142,175.971,3,classical
64000,0.575,0.00994,0,-17.007,1,0.0739,0.933,0.00109,0.14,0.437,60.437,4,classical
293040,0.427,0.336,9,-12.126,0,0.0356,0.983,0.0774,0.214,0.506,109.602,4,classical
279694,0.559,0.448,8,-8.374,1,0.046,0.944,0,0.245,0.758,108.72,1,classical
247510,0.339,0.0322,6,-22.741,0,0.0501,0.99,0.92,0.0854,0.0986,69.941,4,classical
274226,0.372,0.833,10,-7.073,0,0.11,0.861,0.682,0.295,0.582,128.171,4,classical
124453,0.325,0.216,9,-17.214,0,0.0352,0.977,0.861,0.128,0.109,99.635,3,classical
278760,0.528,0.143,3,-20.056,1,0.0437,0.964,0.897,0.0623,0.423,136.278,4,classical
41400,0.25,0.192,10,-19.978,1,0.0357,0.988,0.786,0.439,0.258,83.497,3,classical
173908,0.194,0.145,9,-23.039,0,0.0557,0.967,0.717,0.35,0.037,80.3,3,classical
205280,0.448,0.00609,7,-38.376,1,0.184,0.994,0.936,0.0749,0.201,76.323,4,classical
394613,0.426,0.0331,1,-22.214,1,0.0483,0.991,0.897,0.0922,0.063,133.71,4,classical
79876,0.268,0.216,0,-20.533,1,0.0374,0.986,0.813,0.124,0.845,129.633,3,classical
238822,0.461,0.338,9,-9.458,1,0.0805,0.632,2.57E-05,0.0803,0.0997,184.143,3,classical
300573,0.682,0.392,11,-11.303,0,0.0498,0.452,9.85E-05,0.276,0.62,143.791,4,classical
94500,0.377,0.0985,7,-19.936,1,0.0331,0.974,0.891,0.0948,0.224,139.588,4,classical
297666,0.305,0.00402,2,-36.333,0,0.0469,0.995,0.921,0.0773,0.16,166.509,1,classical
388506,0.576,0.274,5,-14.045,1,0.0297,0.953,0.000167,0.267,0.46,93.754,4,classical
223998,0.663,0.875,6,-3.301,1,0.183,0.0821,0,0.124,0.51,91.056,4,country
254742,0.563,0.709,9,-7.855,1,0.0272,0.0936,0,0.066,0.497,118.126,4,country
166133,0.481,0.74,6,-4.672,1,0.0277,0.0262,0,0.157,0.669,150.053,4,country
178520,0.505,0.657,11,-5.24,0,0.0318,0.373,0.00107,0.126,0.252,196,3,country
168673,0.764,0.646,6,-6.919,1,0.0403,0.254,0,0.113,0.434,96.041,4,country
176552,0.609,0.66,6,-5.665,1,0.0343,0.123,0,0.134,0.571,119.904,3,country
191306,0.626,0.913,0,-4.452,1,0.0317,0.00635,0,0.293,0.946,113.045,4,country
201866,0.336,0.756,5,-4.191,1,0.045,0.00275,0,0.189,0.237,77.807,4,country
160133,0.741,0.697,0,-7.03,1,0.0277,0.0665,2.35E-05,0.133,0.774,116.109,4,country
214293,0.581,0.197,3,-7.697,1,0.0329,0.88,0,0.107,0.349,130.367,4,country
211613,0.49,0.515,0,-5.654,1,0.0236,0.623,1.26E-05,0.12,0.256,80.967,4,country
220133,0.585,0.34,2,-8.433,0,0.0243,0.767,4.36E-06,0.254,0.26,100.379,4,country
179077,0.574,0.742,2,-6.663,1,0.0513,0.309,0,0.11,0.69,154.042,4,country
259453,0.587,0.35,2,-10.954,1,0.0318,0.74,0,0.156,0.17,74.479,4,country
149998,0.615,0.737,7,-4.084,1,0.0268,0.00357,8.75E-06,0.0995,0.629,89.99,4,country
247765,0.445,0.401,8,-7.883,0,0.0294,0.63,2.36E-06,0.0958,0.206,145.15,3,country
178973,0.583,0.856,6,-5.446,0,0.0445,0.00484,0,0.224,0.48,168.053,4,country
179506,0.677,0.556,9,-6.544,1,0.0306,0.263,0,0.105,0.521,80.006,4,country
177000,0.567,0.753,7,-5.291,1,0.0487,0.0894,0,0.13,0.756,165.966,4,country
168797,0.853,0.791,2,-9.402,1,0.246,0.0942,0,0.388,0.596,117.039,4,country
218733,0.566,0.825,10,-4.245,1,0.0416,0.00308,0,0.0779,0.609,160.003,4,country
281533,0.305,0.323,7,-9.396,1,0.0284,0.483,0,0.107,0.103,135.803,4,country
250053,0.611,0.524,8,-8.256,1,0.035,0.68,0,0.0753,0.73,203.787,4,country
191425,0.788,0.572,11,-8.368,1,0.0606,0.705,0.000777,0.123,0.427,118.041,4,country
194320,0.64,0.852,2,-6.406,1,0.028,0.0907,0,0.151,0.903,139.949,4,country
208506,0.568,0.499,4,-6.597,1,0.0288,0.638,0,0.122,0.243,143.759,4,country
198373,0.55,0.496,5,-6.325,1,0.025,0.463,0.000135,0.119,0.353,141.898,4,country
213386,0.616,0.437,1,-5.968,1,0.0298,0.351,0,0.24,0.386,135.939,4,country
242022,0.594,0.833,1,-5.559,1,0.0337,0.0119,0,0.315,0.592,118.512,4,country
190973,0.537,0.686,5,-5.022,1,0.0293,0.0287,0.00704,0.0988,0.611,78.051,4,country
179704,0.562,0.948,6,-3.89,1,0.0359,0.0323,0,0.369,0.94,106.021,4,country
201013,0.625,0.569,0,-5.954,1,0.0271,0.26,0,0.127,0.361,149.987,4,country
187071,0.462,0.903,9,-6.761,1,0.033,0.0684,0,0.341,0.784,168.034,4,country
236387,0.64,0.722,4,-6.264,1,0.0396,0.0965,0,0.272,0.52,131.067,4,country
257693,0.494,0.467,2,-8.184,1,0.0286,0.0822,0,0.111,0.292,133.81,4,country
182693,0.634,0.903,7,-3.588,1,0.0323,0.0465,0,0.255,0.559,100.083,4,country
232464,0.485,0.663,7,-5.759,1,0.0338,0.0686,0,0.129,0.38,142.921,4,country
179906,0.769,0.678,5,-3.725,1,0.0315,0.427,8.04E-06,0.0939,0.581,106.953,4,country
184800,0.554,0.757,0,-4.298,1,0.0355,0.0101,0,0.0604,0.629,75.049,4,country
249652,0.738,0.503,2,-10.876,1,0.0309,0.613,1.16E-05,0.1,0.556,121.914,4,country
153076,0.837,0.654,0,-5.148,0,0.16,0.0771,0,0.432,0.292,138.007,4,country
210727,0.64,0.315,8,-9.422,1,0.0328,0.655,1.63E-06,0.108,0.584,152.06,4,country
347666,0.481,0.468,2,-11.315,1,0.0605,0.817,0,0.933,0.443,112.981,4,country
181053,0.639,0.427,0,-6.512,1,0.0368,0.434,1.14E-05,0.0903,0.322,139.899,4,country
275640,0.562,0.934,5,-5.562,1,0.0607,0.00211,0,0.199,0.558,103.042,4,country
180833,0.333,0.478,2,-6.903,1,0.031,0.367,2.28E-06,0.115,0.291,179.448,3,country
169560,0.554,0.211,1,-15.603,1,0.029,0.923,0.000438,0.117,0.331,130.071,4,country
157906,0.559,0.66,7,-4.143,1,0.0512,0.222,0,0.193,0.574,163.957,4,country
205387,0.791,0.606,7,-12.038,1,0.296,0.0706,0,0.33,0.799,134.979,4,country
213733,0.289,0.841,4,-3.615,1,0.0497,0.205,0,0.37,0.392,171.91,4,country
230453,0.579,0.443,7,-6.972,1,0.0255,0.479,3.15E-06,0.11,0.288,127.814,4,country
217840,0.733,0.768,5,-4.481,1,0.0354,0.0197,1.03E-06,0.0643,0.83,105.006,4,country
203800,0.702,0.53,4,-6.403,1,0.0558,0.211,0,0.396,0.561,82.983,4,country
176666,0.417,0.968,8,-3.827,1,0.0452,0.00144,2.56E-05,0.0827,0.879,187.979,4,country
165451,0.518,0.601,4,-5.683,1,0.0428,0.00694,0,0.204,0.464,172.204,4,country
184893,0.429,0.831,8,-5.108,1,0.0473,0.0781,0,0.312,0.348,167.984,4,country
194866,0.463,0.653,0,-5.515,1,0.0273,0.111,0.000136,0.172,0.233,143.912,4,country
238421,0.592,0.465,3,-10.008,1,0.0279,0.663,0.000776,0.0918,0.283,75.976,4,country
197905,0.497,0.366,11,-9.219,1,0.0255,0.33,0,0.0907,0.139,87.53,4,country
151826,0.587,0.876,4,-5.614,1,0.0684,0.245,0,0.331,0.891,154.862,4,country
266506,0.355,0.382,10,-9.257,0,0.0378,0.784,0,0.123,0.261,95.994,4,country
184306,0.708,0.622,0,-8.154,1,0.0409,0.0104,0,0.0735,0.777,134.023,4,country
167979,0.786,0.798,7,-6.777,1,0.268,0.0579,0,0.247,0.714,89.997,4,country
207453,0.5,0.485,0,-7.94,1,0.0422,0.633,1.26E-06,0.107,0.379,109.755,4,country
188400,0.485,0.883,5,-4.906,1,0.0403,0.00177,6.38E-06,0.37,0.604,129.021,4,country
172330,0.529,0.906,8,-5.064,0,0.0677,0.265,0,0.1,0.836,184.384,4,country
231794,0.646,0.836,10,-4.842,1,0.038,0.133,0,0.116,0.405,129.039,4,country
180800,0.669,0.552,0,-7.98,1,0.0587,0.807,0.000874,0.321,0.488,100.102,4,country
191186,0.385,0.446,11,-7.806,1,0.0298,0.247,0,0.189,0.401,179.94,3,country
167546,0.553,0.839,1,-3.235,1,0.0375,0.356,0,0.0966,0.367,95.886,4,country
164683,0.548,0.721,8,-4.466,1,0.0472,0.0119,0,0.216,0.594,177.918,4,country
194386,0.597,0.787,0,-5.464,1,0.0409,0.196,0.000362,0.239,0.886,157.98,4,country
231130,0.625,0.808,7,-5.036,1,0.0364,0.205,1.92E-05,0.421,0.583,108.07,4,country
224853,0.607,0.536,10,-7.306,1,0.0305,0.386,0,0.102,0.434,147.986,4,country
210663,0.509,0.761,7,-5.947,0,0.0441,0.122,0,0.137,0.71,176.054,4,country
279240,0.467,0.789,7,-6.404,1,0.029,0.0235,6.21E-06,0.128,0.351,87.958,4,country
266973,0.577,0.462,2,-7.989,1,0.0279,0.128,0,0.0822,0.258,128.303,4,country
161415,0.789,0.572,7,-11.271,1,0.115,0.203,0,0.119,0.689,113.021,4,country
250546,0.529,0.496,7,-9.007,1,0.029,0.173,0,0.251,0.278,136.859,4,country
196746,0.489,0.581,11,-5.731,1,0.0281,0.0312,0,0.132,0.494,86.016,4,country
212596,0.606,0.817,9,-5.112,0,0.0327,0.0279,8.79E-05,0.228,0.645,124.072,4,country
185200,0.362,0.882,3,-3.717,1,0.0973,0.0791,0,0.15,0.864,199.811,4,country
229019,0.397,0.458,8,-7.796,1,0.0293,0.339,0.00366,0.11,0.239,67.968,4,country
170800,0.622,0.466,9,-14.558,1,0.0257,0.868,0.888,0.108,0.71,97.583,4,country
182400,0.67,0.737,9,-6.794,1,0.0434,0.223,0,0.325,0.753,92.958,4,country
225560,0.644,0.904,2,-4.532,1,0.0464,0.0295,0,0.0834,0.672,105.969,4,country
189657,0.681,0.564,7,-6.692,1,0.0448,0.42,0,0.098,0.42,88.951,4,country
191114,0.575,0.368,6,-7.436,0,0.0317,0.289,0,0.245,0.621,200.016,4,country
252893,0.35,0.459,5,-8.618,1,0.0274,0.339,0,0.111,0.153,147.035,4,country
220360,0.525,0.858,7,-4.551,1,0.0355,0.0466,0,0.102,0.57,87.029,4,country
221866,0.909,0.77,5,-8.364,0,0.271,0.115,0,0.106,0.757,146.985,4,country
255560,0.584,0.66,11,-5.078,1,0.0375,0.18,0,0.0979,0.868,151.958,4,country
214880,0.671,0.501,4,-13.119,1,0.0594,0.342,0,0.194,0.86,87.04,4,country
266813,0.797,0.53,5,-8.876,1,0.025,0.575,0.000203,0.107,0.721,101.953,4,country
128072,0.759,0.644,7,-4.988,1,0.0379,0.000607,0,0.125,0.129,139.956,4,country
276320,0.582,0.952,5,-3.848,1,0.0731,0.00324,0,0.223,0.655,103.027,4,country
197293,0.612,0.57,11,-6.642,0,0.0347,0.278,0,0.0963,0.334,77.004,4,country
236440,0.581,0.717,4,-4.433,1,0.0318,0.0298,0.000186,0.243,0.316,107.884,4,country
193320,0.5,0.225,0,-10.22,1,0.0302,0.842,0,0.112,0.355,173.788,3,country
161853,0.647,0.765,1,-6.459,1,0.06,0.111,0,0.315,0.855,79.994,4,country
218786,0.824,0.837,1,-7.124,1,0.054,0.0216,0.00944,0.123,0.947,121.143,4,disco
166133,0.704,0.701,7,-7.387,0,0.037,0.00934,0.00133,0.118,0.704,107.916,4,disco
238759,0.829,0.732,8,-7.75,1,0.0696,0.0395,0.00182,0.128,0.735,145.914,4,disco
288493,0.606,0.532,7,-6.759,1,0.0256,0.403,0.000904,0.356,0.327,130.945,4,disco
334800,0.488,0.292,7,-14.646,1,0.03,0.228,5.80E-05,0.134,0.205,146.018,4,disco
217669,0.707,0.731,9,-7.592,0,0.0328,0.114,0.0217,0.28,0.924,123.088,4,disco
227992,0.722,0.772,2,-5.851,1,0.0488,0.0111,1.18E-05,0.0854,0.452,94.039,4,disco
214200,0.774,0.641,1,-10.193,1,0.0799,0.0765,0,0.0867,0.875,113.256,4,disco
351320,0.618,0.965,7,-6.026,1,0.0433,0.0595,0.541,0.318,0.917,126.713,4,disco
243333,0.839,0.769,11,-6.331,0,0.0568,0.156,0,0.258,0.866,125.184,4,disco
314760,0.823,0.743,0,-13.98,1,0.0316,0.00559,0.0306,0.0707,0.966,120.471,4,disco
227800,0.588,0.405,5,-12.279,1,0.0327,0.304,0.00587,0.107,0.625,94.866,3,disco
205400,0.532,0.697,8,-11.461,1,0.0393,0.0632,0.341,0.258,0.817,132.751,4,disco
225293,0.771,0.914,1,-7.004,1,0.0298,0.219,0.053,0.341,0.98,131.641,4,disco
220666,0.69,0.752,6,-11.47,0,0.0455,0.463,0.00102,0.595,0.97,126.005,4,disco
241777,0.749,0.864,4,-4.552,0,0.0302,0.123,0,0.313,0.878,134.976,4,disco
201739,0.728,0.925,6,-4.2,0,0.0808,0.113,0,0.0565,0.852,137.979,4,disco
207600,0.835,0.837,0,-6.204,1,0.0704,0.0287,7.73E-05,0.0777,0.969,138.004,4,disco
222773,0.635,0.72,8,-6.642,0,0.0343,0.00132,0.0196,0.0984,0.358,128.022,4,disco
181258,0.721,0.965,11,-4.483,1,0.0549,0.0586,0.000199,0.101,0.965,143.009,4,disco
177986,0.726,0.76,5,-5.054,0,0.0465,0.00247,2.01E-05,0.301,0.487,126.023,4,disco
210440,0.724,0.609,10,-11.438,0,0.0957,0.0558,0.000338,0.0327,0.852,73.092,4,disco
156222,0.783,0.77,0,-5.978,0,0.166,0.0821,0.000128,0.0863,0.627,109.966,4,disco
186107,0.701,0.868,10,-7.27,0,0.0326,0.00092,0.00207,0.169,0.397,111.979,4,disco
294880,0.598,0.621,10,-8.089,1,0.055,0.0942,2.29E-05,0.192,0.453,98.686,4,disco
196053,0.569,0.835,10,-6.734,1,0.0453,0.00615,6.42E-05,0.153,0.883,123.222,4,disco
228640,0.668,0.634,3,-6.4,0,0.024,0.244,0,0.276,0.308,109.998,4,disco
212146,0.797,0.752,6,-7.343,0,0.128,0.0135,0.00496,0.264,0.801,131.932,4,disco
206530,0.889,0.904,9,-7.782,1,0.207,0.00443,0,0.12,0.924,145.09,4,disco
260893,0.576,0.432,10,-13.642,0,0.0314,0.233,0.00135,0.0743,0.348,132.144,4,disco
426666,0.692,0.467,0,-12.182,0,0.0344,0.361,0,0.343,0.516,127.98,4,disco
258666,0.748,0.603,1,-12.044,1,0.043,0.15,0.000261,0.0269,0.827,108.831,4,disco
201706,0.557,0.496,5,-9.272,1,0.0276,0.626,1.32E-06,0.102,0.293,132.716,4,disco
247320,0.719,0.634,5,-7.331,1,0.0255,0.0186,0,0.108,0.591,110.597,4,disco
193426,0.631,0.886,11,-4.879,0,0.0499,0.00879,0,0.0457,0.855,125.024,4,disco
208600,0.763,0.777,5,-6.932,0,0.0364,0.281,0.79,0.134,0.929,124.431,4,disco
202573,0.596,0.58,3,-9.72,1,0.0446,0.256,0,0.1,0.884,107.182,4,disco
243750,0.74,0.61,7,-5.01,0,0.0514,0.163,0.0428,0.268,0.755,128.037,4,disco
222266,0.811,0.545,7,-12.969,0,0.0579,0.155,0.0853,0.156,0.734,105.911,4,disco
194506,0.538,0.721,10,-6.887,1,0.0437,0.402,0,0.0669,0.413,174.012,4,disco
205533,0.557,0.782,4,-3.899,1,0.0475,0.0953,6.75E-06,0.118,0.305,159.621,4,disco
259226,0.671,0.675,8,-5.35,1,0.0501,0.213,0.000294,0.1,0.503,172.011,4,disco
191992,0.67,0.963,2,-4.141,1,0.0753,0.0906,0,0.143,0.769,149.911,4,disco
299520,0.731,0.951,5,-5.779,0,0.0463,0.00262,0.642,0.163,0.585,124.992,4,disco
219026,0.681,0.863,9,-4.737,1,0.0667,0.134,0,0.349,0.61,129.991,4,disco
249120,0.709,0.81,5,-7.134,0,0.0475,0.0124,0,0.242,0.772,125.003,4,disco
281666,0.708,0.567,10,-15.539,0,0.0355,0.07,0.00105,0.152,0.955,103.606,4,disco
249600,0.603,0.886,0,-7.301,0,0.0465,0.0418,0.000171,0.295,0.727,114.045,4,disco
220009,0.688,0.928,11,-2.707,0,0.0417,0.189,0,0.471,0.871,127.984,4,disco
275293,0.685,0.911,11,-4.256,0,0.0392,0.0418,0.000225,0.252,0.618,120.003,4,disco
182465,0.716,0.767,1,-8.2,1,0.0488,0.000424,0,0.365,0.766,146.047,4,disco
274773,0.744,0.728,2,-7.03,0,0.142,0.0392,4.90E-05,0.318,0.904,129.001,4,disco
228706,0.881,0.781,9,-7.025,0,0.321,0.00684,0,0.417,0.681,137.013,4,disco
256666,0.728,0.524,7,-8.227,1,0.0255,0.563,0.000131,0.0913,0.51,90.262,4,disco
188151,0.912,0.777,6,-4.521,0,0.0352,0.263,0,0.0639,0.752,110.033,4,disco
192173,0.686,0.832,4,-5.673,0,0.0725,0.000321,0.127,0.583,0.884,127.023,4,disco
248600,0.732,0.788,6,-7.09,1,0.15,0.197,9.09E-05,0.39,0.765,111.738,4,disco
194531,0.763,0.925,1,-1.997,1,0.0969,0.000737,0.136,0.218,0.455,127.95,4,disco
180333,0.777,0.861,11,-5.835,0,0.0287,0.0734,0,0.128,0.95,114.093,4,disco
231840,0.469,0.278,3,-16.311,0,0.028,0.248,0.000126,0.133,0.331,169.735,4,disco
215403,0.793,0.601,4,-8.179,1,0.0317,0.0312,0.00351,0.105,0.703,103.003,4,disco
412746,0.528,0.188,1,-13.55,0,0.056,0.784,0.0573,0.0942,0.179,119.016,4,disco
252352,0.638,0.959,1,-3.907,0,0.0313,0.0326,0.101,0.0485,0.907,136.039,4,disco
178000,0.709,0.628,11,-14.961,1,0.0405,0.427,0.782,0.106,0.0341,119.013,4,disco
303333,0.665,0.532,2,-10.793,1,0.0277,0.0889,0.0109,0.296,0.81,117.955,4,disco
208866,0.617,0.568,0,-14.255,1,0.0335,0.0429,0.000254,0.0422,0.949,122.562,4,disco
229573,0.734,0.844,1,-5.357,0,0.0343,0.00346,1.81E-05,0.333,0.823,117.306,4,disco
204798,0.723,0.872,1,-3.617,1,0.0586,0.192,0.000154,0.0814,0.544,128.038,4,disco
178400,0.743,0.572,0,-9.627,1,0.0493,0.186,1.44E-05,0.163,0.675,122.658,4,disco
153840,0.629,0.883,7,-5.735,1,0.23,0.603,0,0.242,0.701,156.157,4,disco
197693,0.598,0.673,2,-10.431,1,0.0693,0.0422,6.84E-05,0.289,0.59,102.035,4,disco
232522,0.859,0.757,7,-6.005,1,0.0735,0.00942,0.0394,0.105,0.564,124.987,4,disco
185106,0.68,0.877,5,-10.241,0,0.0353,0.191,0.000656,0.349,0.922,108.674,4,disco
325426,0.69,0.744,1,-12.721,1,0.0613,0.034,0.598,0.453,0.56,136.918,4,disco
415333,0.589,0.711,0,-11.712,1,0.0511,0.00177,0.0125,0.128,0.889,117.159,4,disco
210476,0.715,0.912,2,-4.7,0,0.034,0.00429,0.00106,0.0849,0.52,126.01,4,disco
226093,0.65,0.886,9,-4.819,1,0.0379,0.187,0,0.0679,0.803,100.022,4,disco
155238,0.784,0.823,6,-6.24,1,0.08,0.0173,0.0148,0.137,0.574,125.931,4,disco
216600,0.333,0.634,10,-7.503,1,0.0568,0.589,0.00103,0.163,0.544,176.33,3,disco
214671,0.6,0.84,5,-5.364,0,0.0358,0.00143,0,0.389,0.349,123.956,4,disco
193397,0.55,0.484,5,-11.533,1,0.0277,0.00382,0.946,0.272,0.136,102.001,4,disco
242240,0.647,0.868,0,-6.427,0,0.106,0.088,0.124,0.129,0.804,121.82,4,disco
232040,0.608,0.689,7,-4.846,1,0.0299,0.175,0,0.231,0.523,80.009,4,disco
203680,0.581,0.78,4,-7.053,1,0.0567,0.508,1.07E-05,0.0799,0.561,123.711,4,disco
240800,0.779,0.717,6,-9.7,0,0.0335,0.0125,0.0536,0.355,0.789,115.384,4,disco
178746,0.564,0.593,9,-9.245,1,0.0328,0.732,0.00366,0.343,0.766,120.753,4,disco
228390,0.742,0.856,4,-4.319,1,0.0322,0.179,1.54E-06,0.318,0.847,118.002,4,disco
414679,0.791,0.906,11,-3.612,0,0.0856,0.00177,0.588,0.0759,0.786,122.982,4,disco
192345,0.669,0.882,0,-3.444,1,0.059,0.136,0,0.216,0.95,97.99,4,disco
197746,0.768,0.936,0,-5.317,1,0.045,0.00528,0,0.345,0.893,141.981,4,disco
299480,0.478,0.283,5,-19.7,1,0.0518,0.594,0.0014,0.109,0.462,77.398,4,disco
346133,0.863,0.726,9,-6.649,1,0.0494,0.415,0.0302,0.0735,0.93,132.574,4,disco
330434,0.474,0.87,9,-5.827,1,0.0675,0.0501,0.444,0.0986,0.28,103.468,3,disco
260186,0.693,0.913,7,-7.557,0,0.06,0.221,0,0.0959,0.597,121.978,4,disco
248133,0.706,0.727,11,-8.714,1,0.0456,0.114,7.70E-05,0.174,0.965,119.55,4,disco
387866,0.752,0.548,11,-10.532,0,0.0329,0.295,0.115,0.0582,0.658,105.125,4,disco
218800,0.682,0.817,1,-8.845,0,0.0423,0.00147,0.000569,0.132,0.781,127.984,4,disco
223000,0.675,0.951,11,-3.98,0,0.0932,0.0385,0,0.353,0.961,137.968,4,disco
197000,0.745,0.938,8,-1.892,1,0.0972,0.0163,1.17E-06,0.564,0.947,137.972,4,disco
326493,0.804,0.699,11,-8.738,0,0.042,0.000641,0.711,0.855,0.625,124.502,4,disco
211394,0.804,0.902,11,-3.067,0,0.0846,0.265,0.000413,0.0651,0.72,155.98,4,hip-hop
157516,0.612,0.829,9,-4.225,1,0.0583,0.0606,0,0.38,0.694,94.961,4,hip-hop
160851,0.805,0.703,10,-6.363,0,0.399,0.113,0,0.165,0.771,93.97,4,hip-hop
264000,0.726,0.809,7,-4.192,1,0.358,0.47,0,0.3,0.622,79.969,4,hip-hop
251333,0.655,0.941,1,-5.185,1,0.14,0.476,3.22E-06,0.215,0.344,88.073,4,hip-hop
217260,0.834,0.738,8,-6.904,0,0.199,0.2,0,0.0797,0.656,89.99,4,hip-hop
304920,0.59,0.822,3,-5.265,0,0.056,0.236,0,0.678,0.438,150,4,hip-hop
60000,0.708,0.631,9,-5.977,1,0.196,0.646,0,0.342,0.851,83.813,4,hip-hop
221818,0.626,0.725,7,-5.482,1,0.207,0.0755,0,0.245,0.556,179.953,4,hip-hop
184609,0.776,0.969,8,-0.079,0,0.105,0.0149,0.000153,0.352,0.802,94.018,4,hip-hop
149433,0.685,0.755,11,-6.045,0,0.0476,0.102,0.194,0.159,0.422,158.932,4,hip-hop
151384,0.906,0.811,7,-5.862,1,0.278,0.393,1.28E-05,0.0703,0.667,130.024,4,hip-hop
179076,0.696,0.854,0,-5.123,0,0.0318,0.268,0,0.219,0.921,129.97,4,hip-hop
212352,0.741,0.691,10,-7.395,0,0.0672,0.0221,0,0.0476,0.892,150.087,4,hip-hop
193663,0.777,0.816,7,-3.884,1,0.275,0.349,0,0.195,0.667,139.68,4,hip-hop
184090,0.85,0.573,8,-6.759,1,0.274,0.0439,0,0.0871,0.49,88.05,4,hip-hop
146264,0.765,0.725,3,-3.391,0,0.143,0.00471,0.000194,0.154,0.578,75.003,4,hip-hop
173986,0.792,0.625,1,-5.609,1,0.0536,0.00776,0.0018,0.329,0.37,103.967,4,hip-hop
279066,0.368,0.571,4,-7.475,0,0.0451,0.557,0,0.889,0.286,99.916,4,hip-hop
284784,0.47,0.513,9,-10.076,0,0.0294,0.373,6.50E-06,0.123,0.477,95.015,1,hip-hop
267942,0.431,0.794,6,-5.78,0,0.428,0.0759,0,0.85,0.448,75.028,4,hip-hop
203720,0.761,0.532,0,-10.179,0,0.0735,0.739,2.33E-06,0.306,0.932,80.004,4,hip-hop
211384,0.827,0.78,0,-5.623,1,0.375,0.356,0,0.0651,0.938,130.033,4,hip-hop
209500,0.806,0.93,4,-3.404,0,0.132,0.253,1.94E-05,0.106,0.666,100.016,4,hip-hop
161115,0.753,0.701,8,-5.249,0,0.405,0.00291,7.77E-06,0.151,0.517,161.657,3,hip-hop
170847,0.712,0.473,7,-10.99,0,0.0342,0.782,1.38E-06,0.229,0.489,117.963,4,hip-hop
144428,0.753,0.72,4,-7.686,0,0.232,0.063,0,0.237,0.613,140.125,4,hip-hop
182115,0.721,0.65,9,-5.426,0,0.0903,0.0361,0,0.358,0.502,156.008,4,hip-hop
274678,0.515,0.766,4,-7.291,0,0.0936,0.46,3.27E-06,0.136,0.346,112.457,3,hip-hop
233571,0.658,0.761,0,-6.645,1,0.257,0.0531,0,0.216,0.843,165.543,4,hip-hop
203891,0.78,0.712,11,-3.624,0,0.0598,0.155,0,0.334,0.0757,135.009,4,hip-hop
182608,0.651,0.827,10,-5.108,0,0.0319,0.00162,0.0902,0.0803,0.851,114.918,4,hip-hop
216000,0.471,0.873,10,-5.503,0,0.373,0.47,8.13E-05,0.146,0.737,78.434,4,hip-hop
239294,0.494,0.786,11,-4.289,1,0.284,0.165,0,0.783,0.594,81.175,4,hip-hop
207493,0.815,0.801,7,-4.271,0,0.143,0.229,1.14E-05,0.0762,0.533,96.473,4,hip-hop
209032,0.827,0.717,11,-7.755,0,0.111,0.0908,0.000523,0.0511,0.772,123.987,4,hip-hop
198025,0.816,0.922,11,-2.963,0,0.149,0.178,0,0.373,0.887,95.006,4,hip-hop
134351,0.832,0.657,7,-7.755,1,0.209,0.0433,2.93E-05,0.0752,0.756,104.005,4,hip-hop
200470,0.643,0.605,4,-5.968,0,0.297,0.0336,0,0.112,0.145,84.216,4,hip-hop
217531,0.616,0.844,1,-4.674,1,0.201,0.124,0,0.255,0.785,177.916,4,hip-hop
175187,0.811,0.844,8,-4.395,1,0.0898,0.31,0,0.731,0.889,93.48,4,hip-hop
205015,0.52,0.856,2,-4.228,1,0.0806,0.000193,0,0.157,0.47,160.083,4,hip-hop
192923,0.871,0.608,6,-5.486,1,0.4,0.142,0,0.0876,0.818,129.784,4,hip-hop
311428,0.348,0.636,5,-4.139,0,0.0577,0.467,0,0.0944,0.466,73.416,1,hip-hop
248040,0.789,0.786,2,-4.788,1,0.297,0.596,0,0.0997,0.39,119.957,4,hip-hop
142945,0.941,0.618,1,-7.702,1,0.079,0.0112,0,0.0911,0.489,99.98,4,hip-hop
209640,0.509,0.791,8,-6.222,1,0.0925,0.216,0,0.0576,0.798,114.604,4,hip-hop
274701,0.909,0.906,1,-3.701,1,0.206,0.09,1.25E-05,0.287,0.625,121.996,4,hip-hop
186666,0.754,0.674,3,-7.212,1,0.102,0.623,0,0.129,0.517,116.96,4,hip-hop
239026,0.775,0.736,1,-8.072,0,0.247,0.319,0.00116,0.127,0.362,100.988,4,hip-hop
262539,0.585,0.901,2,-5.785,1,0.0745,0.479,0,0.248,0.62,99.929,4,hip-hop
185574,0.572,0.533,1,-5.062,0,0.0645,0.347,0,0.0794,0.441,155.69,4,hip-hop
136941,0.804,0.609,11,-8.481,0,0.268,0.375,1.74E-06,0.109,0.652,169.819,4,hip-hop
339442,0.567,0.585,9,-9.32,0,0.0329,0.517,4.84E-06,0.115,0.374,99.935,4,hip-hop
249782,0.701,0.607,0,-6.723,0,0.264,0.04,0,0.353,0.544,91.747,4,hip-hop
205880,0.668,0.88,0,-7.057,1,0.261,0.217,1.95E-06,0.114,0.399,90.946,4,hip-hop
306572,0.418,0.931,2,-4.584,1,0.174,0.0028,7.71E-05,0.332,0.707,129.994,4,hip-hop
74410,0.661,0.654,1,-6.084,1,0.0784,0.363,0.000115,0.165,0.0372,85.166,4,hip-hop
301348,0.775,0.618,6,-6.133,1,0.086,0.2,0,0.468,0.654,93.98,4,hip-hop
215368,0.786,0.797,6,-4.063,1,0.0414,0.233,0,0.0861,0.453,95.014,4,hip-hop
224864,0.901,0.352,2,-10.038,1,0.0915,0.585,0,0.122,0.199,111.065,4,hip-hop
151304,0.71,0.698,7,-6.489,0,0.0368,0.108,0,0.098,0.0823,91.976,4,hip-hop
232000,0.847,0.583,11,-8.631,1,0.411,0.12,0,0.555,0.837,83.996,4,hip-hop
174508,0.72,0.711,1,-6.926,0,0.0457,0.309,0,0.492,0.713,148.223,4,hip-hop
163580,0.695,0.727,1,-2.289,1,0.181,0.221,0,0.0911,0.616,80.246,4,hip-hop
219758,0.706,0.695,0,-7.103,0,0.0541,0.461,0,0.306,0.489,141.974,4,hip-hop
145542,0.897,0.662,1,-6.903,0,0.292,0.0852,0,0.534,0.39,112.509,4,hip-hop
260812,0.571,0.818,5,-3.926,0,0.0857,0.0966,0,0.16,0.781,160.036,4,hip-hop
192475,0.817,0.475,3,-5.627,0,0.0465,0.356,8.85E-06,0.26,0.736,121.05,4,hip-hop
170769,0.955,0.538,1,-8.394,1,0.0734,0.132,0.00146,0.0704,0.837,116.977,4,hip-hop
177000,0.908,0.621,1,-6.638,0,0.102,0.000282,5.39E-05,0.0958,0.421,150.011,4,hip-hop
195428,0.726,0.624,9,-7.741,1,0.382,0.156,0,0.601,0.421,139.594,4,hip-hop
160824,0.908,0.314,0,-9.614,1,0.116,0.0424,4.15E-05,0.0727,0.244,97.011,4,hip-hop
213333,0.653,0.725,0,-8.464,1,0.0912,0.091,0.000426,0.251,0.349,125.956,4,hip-hop
466285,0.62,0.813,1,-4.833,1,0.161,0.449,1.48E-06,0.21,0.37,139.587,4,hip-hop
172800,0.875,0.555,1,-5.871,1,0.076,0.179,0,0.124,0.59,99.997,4,hip-hop
261013,0.829,0.852,6,-5.4,1,0.0477,0.00698,0.000278,0.055,0.912,131.989,4,hip-hop
182640,0.598,0.804,2,-5.39,1,0.123,0.0576,0,0.252,0.322,139.737,4,hip-hop
263373,0.749,0.925,10,-5.034,1,0.227,0.241,0,0.52,0.641,86.989,4,hip-hop
292466,0.763,0.53,8,-6.348,1,0.132,0.368,3.41E-06,0.154,0.296,119.998,4,hip-hop
186315,0.534,0.592,7,-6.149,0,0.149,0.453,0,0.193,0.405,79.34,4,hip-hop
259293,0.82,0.785,5,-4.003,0,0.158,0.59,1.79E-05,0.372,0.894,140.013,4,hip-hop
291818,0.666,0.618,11,-5.875,0,0.185,0.218,0,0.197,0.56,175.94,4,hip-hop
232186,0.698,0.633,8,-4.946,1,0.0597,0.0605,0.000194,0.0926,0.552,96.924,4,hip-hop
264900,0.726,0.994,5,-2.433,0,0.0543,0.021,0.0108,0.222,0.779,129.989,4,hip-hop
194500,0.747,0.86,6,-4.071,0,0.279,0.301,0.0383,0.0743,0.625,90.445,4,hip-hop
277500,0.723,0.831,6,-6.685,1,0.111,0.543,0,0.0755,0.839,143.885,4,hip-hop
223120,0.838,0.7,10,-4.301,0,0.0735,0.0513,0,0.262,0.216,124.048,4,hip-hop
297770,0.891,0.913,1,-4.453,1,0.149,0.394,0.000173,0.373,0.772,130.045,4,hip-hop
256909,0.554,0.524,9,-7.248,0,0.0377,0.325,0,0.0964,0.253,141.932,4,hip-hop
217226,0.518,0.664,9,-5.168,0,0.038,0.374,0,0.336,0.44,83.953,4,hip-hop
216000,0.861,0.329,6,-7.194,1,0.0527,0.629,1.88E-06,0.14,0.717,95.016,4,hip-hop
190203,0.679,0.77,0,-3.537,1,0.19,0.0583,0,0.0825,0.839,161.721,4,hip-hop
163404,0.643,0.906,1,-4.15,1,0.31,0.105,0,0.861,0.541,94.259,4,hip-hop
198000,0.527,0.591,5,-7.632,0,0.0282,0.626,0.00798,0.385,0.543,119.932,3,hip-hop
203544,0.698,0.799,8,-4.774,0,0.282,0.0322,0,0.334,0.746,79.204,4,hip-hop
363521,0.708,0.843,7,-2.66,1,0.314,0.397,0,0.799,0.625,148.14,4,hip-hop
243373,0.455,0.774,11,-7.744,0,0.0569,0.843,0,0.131,0.215,142.032,4,hip-hop
153077,0.807,0.628,8,-8.988,1,0.204,0.0146,0,0.0598,0.718,104.978,4,hip-hop
230252,0.709,0.956,6,-4.695,1,0.255,0.622,1.10E-06,0.0982,0.664,94.945,4,hip-hop
149964,0.479,0.319,4,-13.824,0,0.109,0.898,0.00317,0.409,0.339,169.789,4,jazz
170039,0.706,0.54,0,-11.762,1,0.0387,0.0746,0.0113,0.111,0.684,154.46,3,jazz
220500,0.551,0.309,10,-11.309,1,0.0268,0.473,0,0.103,0.307,87.99,4,jazz
104797,0.798,0.172,6,-14.949,1,0.0998,0.894,0.918,0.109,0.433,147.838,4,jazz
252778,0.794,0.733,5,-9.316,0,0.0431,0.00369,0.87,0.0978,0.359,124.977,4,jazz
149826,0.58,0.0545,9,-14.594,0,0.0473,0.963,0.000265,0.0967,0.177,123.341,4,jazz
168949,0.467,0.237,5,-13.373,0,0.0542,0.892,3.46E-06,0.148,0.388,101.759,4,jazz
209106,0.486,0.399,7,-7.135,1,0.0285,0.872,0,0.102,0.42,129.849,4,jazz
362066,0.509,0.383,2,-9.993,1,0.0277,0.905,0.902,0.094,0.341,91.564,4,jazz
290560,0.366,0.534,8,-10.5,1,0.0403,0.614,0.000337,0.156,0.457,88.382,4,jazz
262707,0.488,0.134,7,-17.904,1,0.0327,0.76,0.219,0.0826,0.0507,112.892,4,jazz
288600,0.393,0.162,0,-12.124,1,0.0335,0.956,0.000227,0.126,0.0428,118.54,4,jazz
166760,0.501,0.0454,0,-18.783,1,0.0388,0.938,3.76E-05,0.2,0.255,99.783,4,jazz
240000,0.657,0.3,8,-13.762,1,0.0357,0.914,0.862,0.166,0.42,100.001,4,jazz
361466,0.265,0.31,10,-12.247,1,0.0359,0.64,0.00349,0.185,0.194,181.174,4,jazz
203773,0.328,0.221,0,-9.7,1,0.0299,0.94,0.00135,0.301,0.369,77.147,4,jazz
124040,0.558,0.341,9,-8.722,0,0.0452,0.727,0,0.0601,0.638,138.656,3,jazz
117146,0.451,0.24,1,-14.014,1,0.0351,0.912,2.45E-06,0.175,0.701,134.009,4,jazz
176453,0.443,0.136,0,-12.984,1,0.0341,0.889,0.00967,0.183,0.264,86.646,4,jazz
128226,0.717,0.283,2,-8.335,1,0.0778,0.798,0,0.293,0.935,120.794,4,jazz
194840,0.462,0.238,2,-16.032,1,0.0723,0.515,0,0.213,0.399,93.388,4,jazz
137253,0.258,0.292,4,-10.73,0,0.0291,0.868,2.59E-06,0.11,0.145,134.943,3,jazz
196293,0.297,0.182,1,-16.929,1,0.0432,0.82,0,0.0986,0.163,58.201,4,jazz
250906,0.361,0.0156,6,-29.853,1,0.0378,0.987,0.945,0.108,0.0717,123.646,5,jazz
238680,0.249,0.235,9,-12.652,1,0.0295,0.777,2.26E-06,0.0986,0.115,116.38,3,jazz
160000,0.587,0.408,4,-14.008,0,0.0568,0.902,0.915,0.0847,0.608,75.024,4,jazz
154813,0.521,0.278,2,-10.922,1,0.0774,0.742,2.48E-06,0.0736,0.692,76.925,4,jazz
117466,0.487,0.244,1,-12.878,1,0.0355,0.807,1.97E-05,0.112,0.73,134.099,4,jazz
177500,0.859,0.489,3,-12.438,1,0.0414,0.127,0.0124,0.143,0.544,119.991,4,jazz
175080,0.566,0.484,7,-8.813,1,0.114,0.644,1.15E-05,0.171,0.729,148.975,4,jazz
643127,0.503,0.286,8,-15.425,1,0.045,0.643,0.00112,0.156,0.569,136.098,4,jazz
149426,0.653,0.495,3,-7.803,1,0.0351,0.529,0,0.116,0.448,126.58,4,jazz
147293,0.648,0.258,6,-11.995,0,0.0554,0.627,0,0.293,0.776,131.74,4,jazz
113293,0.446,0.487,7,-6.783,1,0.0623,0.842,0,0.177,0.696,182.546,3,jazz
162960,0.601,0.239,2,-12.175,0,0.0384,0.727,1.43E-06,0.0748,0.569,120.036,4,jazz
372447,0.551,0.271,5,-13.538,1,0.0336,0.77,0.457,0.134,0.561,101.771,4,jazz
167308,0.576,0.462,5,-9.962,1,0.0424,0.581,0,0.0884,0.881,119.718,4,jazz
137520,0.399,0.258,5,-16.028,1,0.033,0.792,1.86E-06,0.128,0.192,108.174,3,jazz
191973,0.349,0.182,5,-13.507,1,0.031,0.92,0.0152,0.143,0.178,136.094,3,jazz
188266,0.407,0.17,10,-13.409,1,0.0341,0.76,0,0.0737,0.577,124.047,4,jazz
175400,0.383,0.136,2,-16.138,1,0.0396,0.851,0,0.107,0.422,71.126,4,jazz
244000,0.558,0.679,7,-9.497,1,0.0461,0.369,0.58,0.101,0.345,179.91,4,jazz
373840,0.432,0.0951,1,-23.511,1,0.0388,0.909,0.89,0.117,0.093,100.265,4,jazz
205773,0.277,0.216,0,-9.66,1,0.03,0.945,0.00116,0.325,0.362,75.258,4,jazz
224506,0.592,0.541,7,-8.703,1,0.0533,0.655,0.00157,0.159,0.54,95.728,4,jazz
179706,0.301,0.0692,3,-20.117,1,0.0314,0.912,0.000549,0.335,0.241,81.644,4,jazz
228733,0.501,0.105,0,-14.701,1,0.0368,0.969,0.00364,0.106,0.152,136.885,5,jazz
123840,0.516,0.62,9,-5.68,0,0.0805,0.614,0,0.0805,0.749,152.208,4,jazz
214240,0.64,0.613,0,-9.823,1,0.0324,0.814,0.0448,0.26,0.608,130.019,4,jazz
164546,0.366,0.391,3,-12.322,1,0.0425,0.854,0,0.352,0.461,119.182,3,jazz
185869,0.614,0.663,8,-7.105,1,0.0406,0.23,0.00328,0.297,0.403,140.015,4,jazz
299493,0.343,0.318,5,-14.901,1,0.0312,0.336,0.158,0.17,0.11,81.993,4,jazz
139586,0.44,0.0302,0,-18.564,0,0.0375,0.929,0.00836,0.109,0.213,107.716,3,jazz
562640,0.532,0.151,0,-17.266,1,0.0376,0.706,0.00136,0.116,0.211,136.759,4,jazz
80563,0.689,0.532,5,-10.492,0,0.0607,0.21,0.919,0.0615,0.691,171.925,4,jazz
169032,0.745,0.561,6,-11.107,0,0.0457,0.289,0.172,0.1,0.302,93.001,4,jazz
141133,0.438,0.00756,0,-26.44,0,0.0382,0.941,0.00643,0.109,0.277,133.32,4,jazz
367658,0.562,0.507,1,-9.754,1,0.121,0.682,0.000227,0.175,0.65,73.313,4,jazz
229804,0.767,0.938,5,-4.433,0,0.0505,0.592,0.0193,0.118,0.868,123.992,4,jazz
168451,0.693,0.287,0,-12.554,0,0.0453,0.669,2.03E-06,0.138,0.368,125.088,4,jazz
163093,0.367,0.122,9,-21.34,0,0.0319,0.984,4.40E-05,0.172,0.104,75.271,3,jazz
153750,0.661,0.221,7,-14.398,1,0.034,0.805,0.886,0.0929,0.158,127.994,3,jazz
241000,0.772,0.654,1,-11.573,1,0.0418,0.00428,0.146,0.0991,0.711,121.952,4,jazz
139625,0.757,0.408,2,-10.889,1,0.0373,0.325,0.539,0.104,0.309,115.96,4,jazz
1203490,0.509,0.0715,1,-22.005,1,0.0362,0.978,0.734,0.106,0.0386,119.85,4,jazz
253373,0.647,0.403,7,-7.033,1,0.0301,0.157,0.75,0.115,0.278,122.009,4,jazz
176653,0.494,0.0421,10,-26.853,1,0.0453,0.981,0.928,0.104,0.264,112.015,3,jazz
330426,0.557,0.759,11,-9.94,1,0.0498,0.178,0.0012,0.344,0.715,116.747,4,jazz
144933,0.326,0.3,5,-13.766,0,0.0295,0.929,0.939,0.127,0.468,85.218,4,jazz
252866,0.53,0.539,0,-7.728,1,0.0293,0.282,0.018,0.11,0.298,81.686,4,jazz
147000,0,0.405,0,-9.935,1,0,0.842,0.00114,0.198,0,0,0,jazz
193170,0.682,0.526,5,-8.656,0,0.0382,0.48,1.79E-05,0.166,0.775,82.003,4,jazz
134318,0.697,0.575,0,-9.67,0,0.0406,0.00291,0.612,0.106,0.685,88.014,4,jazz
141533,0.346,0.202,5,-19.605,0,0.0337,0.968,0.922,0.17,0.508,86.555,4,jazz
438493,0.749,0.497,10,-12.609,0,0.105,0.41,0.0499,0.0504,0.585,95.818,4,jazz
165026,0.23,0.163,6,-14.909,1,0.0351,0.97,0.00424,0.262,0.102,102.777,3,jazz
139466,0.29,0.164,4,-15.755,0,0.0302,0.909,3.52E-06,0.0961,0.231,107.841,3,jazz
203096,0.643,0.28,10,-13.774,1,0.0332,0.965,0.867,0.107,0.0865,108.046,4,jazz
140506,0.29,0.178,5,-13.97,1,0.0294,0.884,0,0.15,0.214,130.643,5,jazz
230322,0.603,0.555,11,-10.337,0,0.0357,0.0135,0.514,0.0852,0.195,124.048,4,jazz
267893,0.432,0.137,8,-16.853,1,0.0318,0.96,0.906,0.121,0.111,89.117,4,jazz
147773,0.532,0.0507,2,-27.646,0,0.0587,0.978,0.917,0.123,0.628,112.746,4,jazz
119733,0.477,0.306,8,-8.247,1,0.0404,0.822,0,0.0993,0.608,171.829,4,jazz
180160,0.74,0.535,5,-6.103,0,0.0526,0.919,0.556,0.319,0.83,153.63,4,jazz
212596,0.554,0.848,1,-4.857,1,0.0815,0.000867,0.0298,0.42,0.561,89.999,4,jazz
443773,0.743,0.429,10,-14.576,0,0.0902,0.447,0.362,0.0455,0.597,95.406,4,jazz
196933,0.342,0.154,10,-16.553,1,0.039,0.993,0.932,0.103,0.193,170.063,3,jazz
199564,0.373,0.48,3,-12.869,0,0.0326,0.307,0.855,0.731,0.345,79.988,4,jazz
147413,0.492,0.0671,10,-15.671,0,0.0399,0.958,0.000968,0.109,0.165,124.908,4,jazz
324133,0.454,0.26,8,-13.193,0,0.0401,0.539,0.00078,0.0675,0.598,174.322,5,jazz
274333,0.45,0.0288,7,-17.388,1,0.0467,0.994,0.895,0.118,0.358,130.838,4,jazz
191200,0.686,0.351,7,-10.44,0,0.122,0.91,2.22E-05,0.509,0.683,74.827,4,jazz
215866,0.548,0.364,5,-9.465,1,0.0547,0.86,0,0.385,0.506,116.556,4,jazz
172000,0.716,0.321,7,-10.609,1,0.0814,0.911,0.912,0.1,0.964,144.041,4,jazz
148000,0.65,0.252,0,-10.939,1,0.046,0.522,0.879,0.106,0.332,170.028,4,jazz
212426,0.769,0.293,5,-12.561,1,0.0298,0.665,0.00134,0.187,0.434,105.992,4,jazz
178400,0.194,0.288,5,-10.647,1,0.0359,0.892,1.84E-06,0.336,0.143,66.13,4,jazz
206826,0.584,0.0789,0,-12.905,1,0.051,0.884,0.00705,0.0876,0.319,70.886,4,jazz
298133,0.172,0.0696,11,-21.295,0,0.0339,0.916,0.00199,0.137,0.103,167.974,5,jazz
303506,0.453,0.292,7,-16.777,1,0.0342,0.041,0.814,0.0977,0.125,135.387,4,jazz
204786,0.528,0.968,1,-3.457,1,0.145,5.67E-05,0.0916,0.0668,0.305,91.934,4,metal
311813,0.541,0.968,0,-4.129,1,0.0396,0.000248,8.28E-06,0.423,0.505,125.04,4,metal
231933,0.725,0.803,2,-4.083,1,0.0337,0.013,3.66E-05,0.0891,0.403,117.391,4,metal
208186,0.384,0.921,11,-3.334,1,0.055,0.0948,0,0.168,0.471,89.922,4,metal
240759,0.477,0.791,11,-7.74,0,0.0456,0.0085,0,0.165,0.35,152.053,4,metal
227882,0.707,0.925,1,-3.067,1,0.0362,0.00215,3.66E-06,0.0617,0.584,110.013,4,metal
287986,0.553,0.763,1,-7.26,1,0.072,0.0106,2.78E-05,0.217,0.612,136.749,4,metal
242221,0.283,0.946,8,-4.947,1,0.0797,0.00151,0,0.254,0.567,169.931,4,metal
369293,0.614,0.914,7,-5.59,0,0.0324,0.000554,1.16E-05,0.0371,0.439,90,4,metal
308933,0.385,0.342,2,-7.749,1,0.0285,0.416,0,0.119,0.131,132.864,4,metal
251533,0.316,0.729,2,-5.931,0,0.0356,0.0203,8.99E-06,0.207,0.367,163.127,4,metal
283786,0.562,0.934,2,-4.264,1,0.111,0.000833,0.0159,0.298,0.302,137.005,4,metal
535800,0.44,0.568,7,-8.54,1,0.0293,0.00442,0.84,0.119,0.248,118.389,3,metal
115200,0.698,0.977,9,-1.56,1,0.0822,0.0333,0.00201,0.0627,0.619,149.954,4,metal
255733,0.353,0.898,2,-5.877,1,0.052,2.23E-05,0.105,0.39,0.525,103.293,4,metal
234173,0.494,0.938,11,-2.359,0,0.0384,0.000474,0,0.314,0.822,95.049,4,metal
538333,0.4,0.719,7,-5.109,0,0.0492,0.000451,0.00581,0.218,0.101,129.505,4,metal
245226,0.402,0.969,8,-2.825,1,0.181,9.14E-05,0.0325,0.225,0.262,173.847,4,metal
256240,0.563,0.86,8,-7.533,1,0.0621,0.00834,0.0106,0.39,0.517,97.867,4,metal
250792,0.418,0.907,0,-3.675,1,0.0584,0.000101,0.000433,0.346,0.473,99.17,4,metal
137297,0.639,0.684,2,-5.619,1,0.0353,0.00966,0,0.194,0.465,88.05,4,metal
235689,0.593,0.85,11,-6.341,1,0.0411,0.000315,1.52E-06,0.067,0.467,125.027,4,metal
353026,0.383,0.659,4,-5.558,1,0.0312,0.117,0,0.0778,0.327,140.795,4,metal
224320,0.589,0.442,4,-8.517,1,0.0291,0.334,0.000424,0.0987,0.0904,122.688,3,metal
286225,0.497,0.213,6,-13.199,0,0.0317,0.102,0.112,0.21,0.0412,135.03,4,metal
121678,0.564,0.628,2,-7.2,1,0.0578,0.0267,0,0.767,0.158,142.999,3,metal
351773,0.572,0.826,11,-4.789,0,0.0725,0.0072,0.00475,0.114,0.327,125.792,4,metal
189440,0.274,0.92,6,-4.096,1,0.0489,0.0303,0.000412,0.115,0.0397,154.016,4,metal
124226,0.504,0.6,1,-7.244,1,0.0796,0.000106,0.0425,0.126,0.447,140.86,4,metal
241533,0.367,0.634,5,-6.475,1,0.027,0.000824,0.0759,0.116,0.0964,89.981,4,metal
315177,0.336,0.978,7,-2.358,1,0.0846,0.000437,0.000525,0.138,0.496,129.842,4,metal
316706,0.555,0.973,9,-3.804,1,0.035,0.048,0,0.0853,0.805,118.642,4,metal
140218,0.662,0.525,1,-11.275,1,0.167,0.0216,0.0347,0.136,0.395,125.175,4,metal
304106,0.347,0.901,10,-3.224,0,0.0532,0.0156,0,0.127,0.528,184.942,3,metal
346386,0.348,0.797,2,-3.929,1,0.038,0.0698,0,0.0876,0.279,146.737,4,metal
282920,0.624,0.857,10,-6.25,0,0.0542,0.0208,0.206,0.11,0.324,131.926,4,metal
226760,0.541,0.502,2,-5.955,0,0.0301,0.00382,0.0131,0.104,0.406,159.978,3,metal
314400,0.551,0.618,4,-9.596,0,0.0294,0.00742,0.0274,0.49,0.406,142.028,4,metal
315173,0.499,0.966,7,-4.679,1,0.11,0.000329,6.10E-05,0.151,0.215,138.042,4,metal
297586,0.7,0.864,7,-3.629,1,0.0283,0.0212,0,0.0956,0.887,102.997,4,metal
214173,0.505,0.994,11,-2.189,0,0.114,0.000357,0,0.0718,0.36,152.078,4,metal
197373,0.465,0.813,7,-4.321,1,0.0841,0.00281,0,0.0464,0.614,148.029,4,metal
289560,0.573,0.929,11,-5.996,1,0.082,0.00218,0.0723,0.718,0.284,97.57,4,metal
306853,0.385,0.673,2,-8.182,1,0.0329,0.000183,0.149,0.0721,0.187,149.271,4,metal
980079,0.5,0.923,10,-5.892,1,0.0888,0.0374,0.00354,0.114,0.5,137.998,4,metal
238109,0.529,0.988,1,-1.914,1,0.0768,7.15E-06,0.0278,0.336,0.336,121,4,metal
249226,0.358,0.921,6,-2.467,0,0.0695,0.171,7.64E-06,0.358,0.476,139.256,4,metal
315906,0.41,0.993,7,-3.376,1,0.205,0.000728,0.00132,0.276,0.0536,101.279,4,metal
308666,0.252,0.802,7,-3.976,1,0.0391,0.13,0.0146,0.309,0.253,150.056,4,metal
713191,0.415,0.53,9,-9.338,0,0.0314,0.00209,0.75,0.11,0.0586,114.174,1,metal
299866,0.206,0.965,1,-5.116,1,0.079,9.91E-06,0.827,0.367,0.168,92.615,4,metal
158568,0.94,0.581,2,-12.619,1,0.4,0.0442,0,0.372,0.662,116.969,4,metal
413346,0.285,0.613,5,-6.412,1,0.0421,0.0185,0.1,0.114,0.0772,126.628,4,metal
87259,0.407,0.938,11,-3.263,1,0.0553,0.0339,0.00141,0.807,0.729,172.661,4,metal
216520,0.354,0.829,9,-3.834,1,0.047,0.00183,0,0.119,0.195,163.958,4,metal
394400,0.309,0.596,5,-5.599,1,0.0293,0.101,0,0.21,0.161,164.587,3,metal
426680,0.506,0.877,0,-5.73,1,0.032,5.16E-05,0.776,0.0712,0.302,114.589,5,metal
324480,0.277,0.925,11,-3.532,1,0.0586,3.82E-06,8.36E-06,0.0877,0.36,178.036,4,metal
138732,0.656,0.788,2,-7.871,1,0.109,0.0545,0,0.324,0.407,139.909,4,metal
80960,0.386,0.928,11,-3.774,1,0.0741,0.0165,0,0.333,0.922,176.004,4,metal
257920,0.6,0.796,2,-4.481,1,0.0275,0.000109,5.20E-05,0.484,0.75,105.991,4,metal
147840,0.382,0.996,7,-4.119,1,0.104,0.00208,0,0.417,0.327,93.345,4,metal
213308,0.448,0.93,9,-5.753,0,0.0623,2.66E-05,0.00133,0.37,0.456,174.996,4,metal
338000,0.557,0.718,8,-8.504,1,0.0415,0.0888,0.0511,0.661,0.49,172.039,4,metal
206200,0.599,0.957,11,-5.764,1,0.188,0.0129,7.06E-05,0.155,0.489,103.68,4,metal
163746,0.502,0.979,7,-2.748,1,0.134,0.00728,0.000911,0.359,0.376,139.992,3,metal
278026,0.429,0.966,8,-4.605,1,0.0733,0.000209,0.124,0.371,0.525,179.956,4,metal
230666,0.475,0.899,9,-4.321,0,0.0637,0.00375,1.91E-05,0.14,0.603,152.445,4,metal
222539,0.561,0.611,11,-10.674,0,0.0258,0.428,0.000392,0.0957,0.668,76.04,4,metal
153800,0.451,0.889,1,-2.693,1,0.261,0.00167,0.00215,0.258,0.586,131.073,4,metal
83040,0.412,0.952,11,-1.422,0,0.0492,0.00208,0,0.335,0.676,95.112,4,metal
176973,0.559,0.793,2,-3.536,0,0.028,0.0191,0,0.394,0.69,92.034,4,metal
288933,0.326,0.797,2,-2.359,1,0.0334,0.0522,0,0.081,0.271,135.937,4,metal
282906,0.666,0.936,7,-9.919,1,0.0476,0.00244,0.086,0.153,0.776,91.577,4,metal
222058,0.3,0.939,1,-0.706,0,0.0854,0.0152,0,0.349,0.182,135.254,4,metal
176200,0.376,0.787,5,-4.731,0,0.0394,0.00378,0,0.548,0.371,87.102,4,metal
342821,0.398,0.939,9,-2.865,0,0.0648,0.00591,0.000881,0.357,0.235,92.027,4,metal
254106,0.61,0.861,7,-8.568,1,0.105,0.00451,0,0.205,0.8,153.547,4,metal
283400,0.576,0.989,2,-1.909,1,0.112,0.00252,0.0032,0.0243,0.352,135.093,4,metal
244555,0.547,0.925,10,-6.688,0,0.101,0.00535,2.93E-06,0.192,0.528,102.518,4,metal
215600,0.462,0.996,11,-2.973,0,0.231,5.80E-05,0.00377,0.139,0.145,122.072,4,metal
260786,0.57,0.921,4,-3.892,0,0.0724,0.0127,0,0.818,0.381,87.938,4,metal
544800,0.23,0.766,10,-3.849,0,0.0398,0.000424,0.838,0.159,0.227,151.106,4,metal
194016,0.538,0.915,10,-5.886,0,0.0623,4.73E-05,0.00789,0.115,0.58,135.013,4,metal
277533,0.368,0.872,5,-4.323,0,0.0318,0.00475,0,0.0877,0.558,168.035,4,metal
211333,0.459,0.958,6,-2.333,1,0.0877,0.0283,0,0.108,0.586,142.707,4,metal
314760,0.434,0.822,1,-7.785,0,0.0671,4.74E-05,0.853,0.135,0.109,134.888,3,metal
215440,0.46,0.54,5,-5.132,1,0.0381,0.0324,0.0168,0.326,0.0506,137.855,4,metal
195880,0.437,0.835,2,-5.076,0,0.0405,0.00145,2.27E-05,0.245,0.296,95.111,4,metal
305840,0.371,0.843,10,-4.447,0,0.0492,0.0322,0,0.158,0.599,184.78,3,metal
353320,0.377,0.658,4,-5.589,1,0.0318,0.117,0,0.0677,0.307,143.713,4,metal
270920,0.468,0.769,4,-7.036,1,0.041,0.00014,0.00124,0.271,0.17,104.102,4,metal
164213,0.74,0.959,9,-3.692,1,0.193,0.0629,0,0.0444,0.878,150.007,4,metal
328386,0.473,0.767,5,-6.383,1,0.0548,0.00116,0.000798,0.109,0.375,180.024,4,metal
236360,0.293,0.997,4,-4.364,0,0.217,0.000463,3.95E-05,0.415,0.13,100.348,4,metal
449200,0.525,0.641,5,-8.695,1,0.0259,0.000285,0.02,0.111,0.159,138.839,4,metal
283826,0.447,0.876,2,-5.446,0,0.066,0.000359,0.00103,0.255,0.532,92.535,4,metal
323800,0.576,0.906,2,-7.677,1,0.0571,0.000332,0.0614,0.0908,0.211,127.935,4,metal
214760,0.443,0.781,1,-4.277,1,0.0377,1.33E-05,0.205,0.166,0.372,71.841,4,metal
319226,0.51,0.915,4,-3.036,1,0.0562,0.00884,1.75E-05,0.205,0.459,123.257,4,metal
149460,0.51,0.407,1,-9.671,1,0.0334,0.628,1.73E-06,0.12,0.22,120.085,4,pop
221306,0.359,0.543,7,-7.582,1,0.0919,0.492,1.58E-05,0.118,0.453,68.534,4,pop
164666,0.678,0.825,3,-4.417,0,0.196,0.0527,0,0.0963,0.631,90.047,4,pop
220879,0.586,0.86,2,-4.023,1,0.0539,0.0412,0,0.372,0.203,138.03,4,pop
230185,0.758,0.57,6,-8.645,0,0.0462,0.00374,2.47E-06,0.184,0.567,126.966,4,pop
166666,0.789,0.744,1,-7.245,1,0.0414,0.281,0,0.0763,0.783,143.998,4,pop
159250,0.79,0.724,1,-6.972,1,0.0852,0.0696,2.33E-06,0.113,0.642,101.04,4,pop
332702,0.556,0.521,6,-10.806,1,0.0321,0.641,0.000543,0.102,0.353,127.947,4,pop
198370,0.449,0.465,0,-8.964,1,0.0791,0.524,1.02E-06,0.303,0.543,89.087,3,pop
230640,0.6,0.451,4,-10.246,0,0.0344,0.133,1.23E-05,0.122,0.223,78.023,4,pop
168450,0.795,0.67,1,-5.313,0,0.143,0.269,0,0.0733,0.643,100.004,4,pop
211294,0.507,0.828,10,-6.023,1,0.0449,0.00711,2.44E-05,0.261,0.489,178.032,4,pop
193355,0.376,0.643,9,-5.713,1,0.0411,0.558,0,0.217,0.646,136.224,5,pop
173195,0.594,0.625,11,-9.081,0,0.256,0.00521,0,0.481,0.517,96.706,4,pop
169939,0.634,0.644,11,-3.96,0,0.35,0.0324,0,0.644,0.538,163.628,4,pop
199310,0.727,0.56,9,-6.175,1,0.079,0.462,0,0.109,0.684,86.993,4,pop
69741,0.471,0.229,4,-11.711,0,0.035,0.88,0.0228,0.257,0.641,80.99,4,pop
239317,0.801,0.806,11,-5.206,1,0.0381,0.382,0.000669,0.114,0.802,106.999,4,pop
249741,0.359,0.972,7,-3.452,1,0.109,0.136,2.52E-06,0.14,0.595,62.914,4,pop
153190,0.601,0.741,2,-5.569,1,0.0478,0.185,2.91E-05,0.415,0.441,153.96,4,pop
261946,0.516,0.405,7,-12.327,1,0.0424,0.152,3.44E-06,0.154,0.267,160.047,3,pop
158324,0.495,0.333,4,-10.109,0,0.0288,0.737,0,0.112,0.37,99.757,4,pop
237875,0.799,0.784,4,-5.207,0,0.0519,0.11,2.84E-06,0.227,0.26,96.953,4,pop
191647,0.524,0.515,11,-7.478,0,0.0427,0.674,0,0.104,0.368,169.882,4,pop
218523,0.617,0.392,1,-9.295,1,0.193,0.381,0,0.1,0.313,84.499,4,pop
230453,0.679,0.587,7,-7.015,1,0.276,0.141,6.35E-06,0.137,0.486,186.003,4,pop
371790,0.296,0.582,9,-5.18,0,0.0413,0.449,0,0.319,0.365,168.4,3,pop
162346,0.678,0.815,4,-1.736,0,0.264,0.0336,0,0.318,0.474,95.969,4,pop
221988,0.645,0.324,1,-13.621,0,0.0545,0.754,0.000727,0.103,0.493,162.037,3,pop
231136,0.791,0.348,10,-9.457,1,0.0434,0.594,1.45E-06,0.097,0.49,131.972,4,pop
200991,0.718,0.382,7,-8.237,1,0.0466,0.585,0,0.128,0.499,87.029,4,pop
162772,0.836,0.51,1,-10.091,0,0.371,0.713,3.35E-05,0.101,0.56,151.499,3,pop
158294,0.716,0.77,3,-4.071,0,0.158,0.144,0,0.0211,0.924,170.045,4,pop
241599,0.32,0.453,1,-9.537,0,0.0329,0.889,2.60E-06,0.1,0.444,72.424,4,pop
174711,0.789,0.95,5,-3.604,0,0.0759,0.191,1.41E-05,0.0969,0.746,126.013,4,pop
186122,0.829,0.654,5,-6.26,0,0.0685,0.0942,5.01E-06,0.2,0.335,98.012,4,pop
196043,0.444,0.479,5,-5.586,1,0.0436,0.454,0,0.095,0.315,89.892,4,pop
256768,0.359,0.611,6,-7.676,0,0.0389,0.206,0.0254,0.0898,0.427,93.05,4,pop
158678,0.764,0.708,5,-5.692,0,0.21,0.146,0,0.33,0.566,106.175,4,pop
139756,0.811,0.757,1,-5.882,0,0.257,0.142,0,0.183,0.958,81.972,4,pop
251428,0.524,0.765,3,-2.625,0,0.184,0.319,0,0.332,0.475,157.487,3,pop
230000,0.553,0.498,0,-7.021,1,0.0518,0.34,0,0.202,0.238,180.011,4,pop
196133,0.547,0.785,5,-5.865,0,0.0675,0.204,0,0.0835,0.764,81.781,4,pop
233720,0.609,0.378,4,-9.828,1,0.438,0.835,0,0.28,0.515,100.418,4,pop
281380,0.412,0.236,4,-15.159,0,0.0379,0.83,0.00653,0.147,0.119,140.214,4,pop
218808,0.652,0.37,4,-9.922,1,0.0604,0.661,0,0.109,0.662,99.894,4,pop
183000,0.696,0.704,1,-7.876,1,0.0423,0.167,0,0.155,0.426,124.972,4,pop
199534,0.765,0.948,6,-2.816,0,0.199,0.298,0,0.0784,0.647,172.038,4,pop
219923,0.541,0.744,7,-6.191,0,0.295,0.507,0,0.26,0.877,194.976,3,pop
243870,0.43,0.744,11,-5.105,0,0.132,0.498,0,0.381,0.736,87.726,4,pop
228373,0.461,0.593,1,-4.954,1,0.0356,0.17,0,0.307,0.175,134.17,3,pop
222396,0.294,0.577,6,-5.952,1,0.0298,0.623,0,0.16,0.429,83.171,4,pop
195338,0.625,0.835,11,-3.32,0,0.325,0.211,0.000191,0.0897,0.547,183.826,4,pop
208500,0.613,0.47,9,-8.441,0,0.0344,0.823,1.87E-06,0.138,0.459,102.944,4,pop
200755,0.555,0.257,10,-12.637,1,0.0299,0.892,1.42E-06,0.124,0.431,89.013,4,pop
187006,0.801,0.856,0,-4.233,1,0.065,0.0984,6.62E-05,0.228,0.919,106.026,4,pop
199986,0.726,0.787,4,-2.494,1,0.0737,0.009,0,0.0596,0.888,124.99,4,pop
286253,0.206,0.636,4,-6.591,0,0.0418,0.211,0.000118,0.217,0.394,77.797,4,pop
200773,0.648,0.681,2,-8.389,0,0.0379,0.263,0.00761,0.0971,0.766,157.944,4,pop
234037,0.508,0.507,0,-5.33,0,0.0384,0.0636,1.15E-05,0.359,0.218,159.68,4,pop
249126,0.473,0.401,4,-7.018,0,0.0241,0.629,1.17E-05,0.154,0.345,90.076,4,pop
231013,0.279,0.742,4,-6.46,0,0.0898,0.000185,0,0.593,0.328,189.868,4,pop
223040,0.607,0.405,9,-8.607,1,0.0265,0.539,6.70E-06,0.231,0.233,129.543,4,pop
245629,0.876,0.834,7,-4.653,1,0.137,0.164,0.00021,0.108,0.788,103.012,4,pop
163500,0.834,0.805,11,-1.684,0,0.155,0.257,0,0.0885,0.433,119.947,4,pop
157648,0.48,0.369,7,-8.766,1,0.0405,0.835,0,0.1,0.548,159.687,4,pop
212832,0.488,0.403,5,-7.005,1,0.0272,0.598,4.28E-06,0.434,0.497,131.489,3,pop
169265,0.667,0.373,4,-9.389,1,0.05,0.785,0,0.0906,0.0823,124.148,4,pop
188000,0.71,0.518,11,-8.755,0,0.0656,0.236,2.39E-05,0.31,0.386,96.059,4,pop
230480,0.431,0.224,6,-8.683,1,0.0379,0.948,0,0.112,0.401,87.122,5,pop
214240,0.728,0.859,5,-5.237,0,0.137,0.0401,0,0.111,0.535,65.043,4,pop
99583,0.346,0.495,8,-8.276,1,0.0718,0.273,0,0.165,0.33,203.983,4,pop
261922,0.532,0.623,5,-9.208,1,0.0331,0.538,7.28E-05,0.0925,0.403,89.937,4,pop
361946,0.651,0.567,5,-5.941,0,0.0317,0.0934,0.00991,0.124,0.138,108.953,4,pop
293176,0.363,0.662,1,-5.88,0,0.0377,0.573,0,0.35,0.301,178.213,4,pop
190000,0.715,0.863,2,-2.539,0,0.063,0.62,6.32E-05,0.0972,0.828,99.981,4,pop
178146,0.563,0.664,9,-5.044,1,0.154,0.335,0,0.0849,0.688,166.928,4,pop
284233,0.649,0.86,6,-4.07,0,0.0359,0.38,0.000547,0.147,0.585,96.025,4,pop
258857,0.581,0.557,5,-7.557,0,0.0466,0.671,0,0.107,0.333,140.047,4,pop
231826,0.76,0.703,5,-5.412,1,0.054,0.103,0,0.0913,0.57,95.997,4,pop
185200,0.5,0.292,0,-8.554,1,0.0323,0.746,0,0.188,0.37,145.879,4,pop
244826,0.694,0.816,3,-3.949,0,0.191,0.0217,2.92E-06,0.167,0.798,128.009,4,pop
151218,0.782,0.69,7,-7.811,1,0.0708,0.00909,0.000661,0.359,0.429,99.944,4,pop
208064,0.652,0.653,2,-10.263,1,0.213,0.0358,0,0.081,0.776,185.931,3,pop
269184,0.65,0.482,4,-8.667,1,0.0281,0.293,0,0.0811,0.517,106.994,4,pop
218808,0.416,0.343,4,-10.995,1,0.0664,0.514,0,0.106,0.578,149.791,3,pop
175874,0.404,0.43,5,-8.313,1,0.0336,0.779,0.000172,0.0941,0.51,106.322,5,pop
212560,0.591,0.606,8,-6.977,1,0.066,0.574,0,0.06,0.767,82.185,4,pop
239560,0.612,0.58,0,-8.572,0,0.0419,0.525,0.000414,0.26,0.534,130.045,4,pop
221306,0.359,0.543,7,-7.582,1,0.0915,0.492,1.57E-05,0.118,0.453,68.505,4,pop
249353,0.599,0.478,9,-7.377,1,0.0256,0.439,0,0.097,0.255,77.985,4,pop
247286,0.51,0.502,7,-7.016,0,0.0325,0.71,0,0.0708,0.321,133.885,4,pop
300196,0.574,0.578,9,-3.188,0,0.0343,0.296,0,0.114,0.274,85.186,4,pop
283195,0.628,0.834,4,-4.56,1,0.116,0.575,0,0.158,0.747,78.207,4,pop
172750,0.573,0.6,0,-7.751,1,0.3,0.586,7.65E-06,0.15,0.706,149.982,4,pop
200827,0.601,0.733,6,-5.987,0,0.0362,0.333,1.73E-06,0.406,0.375,94.017,4,pop
350324,0.612,0.495,7,-6.699,1,0.0383,0.726,0,0.125,0.433,154.03,3,pop
214912,0.572,0.81,1,-5.791,0,0.0557,0.0147,6.94E-06,0.13,0.106,126.045,4,pop
208573,0.45,0.181,10,-11.417,1,0.0406,0.896,1.09E-06,0.11,0.196,115.443,4,pop
191868,0.724,0.618,2,-9.007,1,0.0534,0.0533,0.704,0.0886,0.0683,100.021,4,pop
165033,0.613,0.754,5,-6.051,0,0.0348,0.00612,0,0.129,0.703,110.017,4,rock
218106,0.611,0.797,6,-7.627,0,0.0533,0.00543,0.00137,0.26,0.518,120.041,4,rock
192800,0.588,0.925,0,-5.584,1,0.16,0.0897,4.89E-06,0.0881,0.759,99.83,4,rock
312337,0.535,0.665,9,-7.67,0,0.0629,0.101,0,0.367,0.322,75.033,4,rock
122066,0.692,0.497,2,-7.316,1,0.119,0.676,0,0.259,0.475,81.308,4,rock
178013,0.64,0.957,8,-2.336,1,0.0741,0.0432,0,0.0789,0.691,134.99,4,rock
218866,0.611,0.786,9,-11.856,0,0.0841,0.227,0.836,0.168,0.917,180.773,4,rock
209413,0.559,0.868,5,-5.276,1,0.17,0.0475,0.000176,0.776,0.609,156.295,4,rock
192280,0.631,0.924,0,-5.589,1,0.146,0.0841,3.59E-06,0.084,0.755,100.045,4,rock
165264,0.772,0.75,5,-3.67,0,0.0455,0.0201,0,0.074,0.587,114.061,4,rock
354320,0.414,0.404,0,-9.928,0,0.0499,0.271,0,0.3,0.224,71.105,4,rock
206360,0.589,0.92,2,-5.716,1,0.0603,0.0857,0,0.355,0.893,146.439,3,rock
301320,0.721,0.791,8,-4.98,1,0.0317,0.000769,0.0016,0.344,0.401,120.009,4,rock
204346,0.766,0.775,10,-4.267,0,0.141,0.0504,0,0.128,0.695,124.751,4,rock
258773,0.378,0.896,2,-4.066,1,0.0407,0.000452,0,0.194,0.469,174.302,4,rock
217706,0.49,0.956,1,-4.556,0,0.0407,0.00466,6.15E-06,0.242,0.577,160.028,4,rock
250626,0.378,0.638,10,-5.576,1,0.075,0.02,7.66E-05,0.0849,0.735,184.086,4,rock
223080,0.807,0.414,4,-8.903,1,0.0352,0.105,2.57E-05,0.0813,0.502,108.944,4,rock
230493,0.688,0.835,8,-4.162,1,0.0911,0.0583,2.87E-06,0.0795,0.88,84.858,4,rock
290280,0.568,0.808,1,-7.042,0,0.0378,0.0327,1.08E-05,0.218,0.849,151.12,4,rock
187363,0.624,0.908,10,-3.215,1,0.0992,0.408,0,0.139,0.659,105.048,4,rock
227266,0.287,0.473,5,-3.551,1,0.034,0.0858,4.40E-05,0.383,0.577,186.283,4,rock
267960,0.56,0.595,9,-4.53,1,0.0274,0.199,6.47E-05,0.132,0.144,104.011,4,rock
173381,0.722,0.745,7,-4.164,1,0.256,0.247,0,0.419,0.52,77.029,4,rock
168552,0.423,0.721,0,-8.07,1,0.165,0.00792,0,0.38,0.382,161.926,4,rock
137476,0.766,0.83,9,-3.335,1,0.1,0.0146,0,0.035,0.756,121.948,4,rock
233480,0.236,0.269,7,-9.61,0,0.0299,0.573,0.000274,0.101,0.0681,81.254,4,rock
175426,0.72,0.791,1,-4.689,1,0.124,0.0384,0,0.157,0.756,102.071,4,rock
295893,0.671,0.373,9,-18.064,1,0.0323,0.257,8.01E-05,0.0481,0.732,92.718,4,rock
208706,0.506,0.817,11,-5.051,0,0.0335,0.00272,0,0.0486,0.506,109.952,4,rock
199263,0.754,0.802,9,-6.424,1,0.0551,0.0349,0,0.335,0.583,122.026,4,rock
130173,0.7,0.467,4,-8.578,0,0.0376,0.685,0,0.315,0.763,119.287,4,rock
263013,0.577,0.797,7,-6.033,1,0.0281,0.0154,0.00463,0.0737,0.716,149.725,4,rock
232533,0.656,0.291,2,-10.572,1,0.0293,0.872,0,0.114,0.298,103.971,4,rock
203186,0.519,0.625,10,-5.909,1,0.0482,0.349,0,0.121,0.21,120.103,4,rock
214147,0.679,0.715,9,-6.383,1,0.0407,0.0755,0,0.271,0.571,127.435,4,rock
201240,0.672,0.655,10,-5.021,0,0.0311,0.0362,0,0.117,0.556,134.945,4,rock
224453,0.742,0.849,2,-6.28,1,0.0376,0.346,0.000115,0.194,0.964,107.188,4,rock
214400,0.557,0.951,0,-3.003,1,0.033,0.00194,0.000172,0.157,0.528,93.97,4,rock
268733,0.401,0.175,2,-12.22,1,0.0314,0.927,2.10E-06,0.103,0.29,68.049,4,rock
189466,0.704,0.611,2,-6.112,1,0.0409,0.217,0,0.0812,0.22,100,4,rock
202735,0.795,0.8,1,-6.32,1,0.0309,0.0354,7.25E-05,0.0915,0.934,116.032,4,rock
286973,0.723,0.617,11,-8.312,1,0.0301,0.566,0,0.252,0.677,100.015,4,rock
197935,0.722,0.851,7,-3.873,0,0.0639,0.0319,0,0.108,0.452,126.885,4,rock
240306,0.656,0.884,2,-4.748,1,0.0372,0.0162,0,0.144,0.86,105.009,4,rock
186813,0.448,0.784,9,-3.686,1,0.0627,0.106,0.000108,0.668,0.236,136.245,4,rock
248440,0.671,0.712,2,-7.815,1,0.0476,0.429,0,0.103,0.462,113.805,4,rock
215133,0.544,0.897,3,-6.056,0,0.0471,0.241,0,0.13,0.647,157.17,4,rock
191506,0.615,0.752,0,-8.91,1,0.391,0.0397,1.37E-06,0.0479,0.66,133.977,4,rock
222373,0.71,0.748,10,-10.558,0,0.0482,0.0287,0.156,0.0741,0.619,125.374,4,rock
180797,0.379,0.849,0,-5.747,1,0.0747,3.44E-05,0.00224,0.298,0.584,146.841,4,rock
171040,0.365,0.851,4,-6.238,0,0.0645,0.0964,0.003,0.237,0.309,78.086,4,rock
190946,0.579,0.904,5,-2.729,1,0.0618,0.193,0,0.064,0.681,82.014,4,rock
324466,0.609,0.674,10,-7.388,0,0.0548,0.0735,0.06,0.345,0.315,90.009,4,rock
202333,0.734,0.637,4,-5.677,0,0.141,0.0462,2.29E-05,0.0602,0.648,169.977,4,rock
307866,0.537,0.77,11,-6.943,1,0.0443,0.285,0.00294,0.0978,0.611,136.82,4,rock
219440,0.649,0.517,1,-7.428,0,0.0297,0.0146,1.63E-06,0.145,0.35,119.997,4,rock
265373,0.53,0.816,9,-6.149,1,0.0503,0.0105,0.000613,0.379,0.371,87.019,4,rock
196187,0.64,0.537,0,-5.452,0,0.0282,0.0875,9.84E-06,0.11,0.0676,112.868,4,rock
202533,0.421,0.873,10,-4.343,1,0.0564,0.0654,0,0.123,0.629,84.786,4,rock
193826,0.56,0.394,2,-9.129,1,0.0307,0.365,0,0.213,0.382,122.878,4,rock
190893,0.73,0.634,10,-5.084,0,0.0509,0.181,2.24E-06,0.118,0.182,126.022,4,rock
282920,0.639,0.805,4,-5.961,0,0.032,0.0383,0.00244,0.312,0.507,103.451,4,rock
169680,0.549,0.4,9,-9.302,1,0.0284,0.835,0,0.178,0.49,106.998,4,rock
211487,0.611,0.826,11,-5.313,0,0.0353,0.000818,0.016,0.33,0.719,129.102,4,rock
292718,0.754,0.667,4,-7.343,0,0.0258,0.0573,0.0357,0.114,0.261,117.975,4,rock
241253,0.402,0.835,11,-5.734,0,0.05,0.0287,2.94E-06,0.385,0.43,92.029,4,rock
348400,0.733,0.794,5,-10.023,1,0.0307,0.0614,0.0367,0.33,0.931,148.174,4,rock
245640,0.817,0.599,0,-9.249,0,0.0328,0.132,0.000311,0.0873,0.548,108.873,4,rock
249533,0.339,0.625,1,-8.57,1,0.028,0.056,0.000101,0.229,0.334,104.679,4,rock
347800,0.16,0.866,9,-5.277,0,0.088,0.207,4.44E-05,0.0894,0.13,179.739,4,rock
288036,0.274,0.652,5,-6.196,0,0.0625,0.00768,6.42E-05,0.108,0.1,173.008,4,rock
243626,0.536,0.764,1,-5.174,0,0.0393,0.0302,1.06E-05,0.104,0.294,147.585,4,rock
178426,0.736,0.793,2,-5.305,0,0.29,0.0633,0.000815,0.0531,0.912,141.96,4,rock
218360,0.725,0.583,1,-9.942,0,0.0427,0.3,0.000238,0.0665,0.762,79.984,4,rock
209493,0.675,0.479,0,-9.87,0,0.0278,0.633,1.76E-05,0.088,0.454,81.998,4,rock
169666,0.577,0.834,5,-3.337,1,0.0689,0.0134,0,0.121,0.575,107.936,4,rock
180746,0.68,0.697,5,-7.01,1,0.0484,0.121,0,0.661,0.684,116.033,4,rock
187146,0.605,0.822,0,-4.833,1,0.0438,0.00671,0.134,0.147,0.288,167.997,4,rock
289533,0.315,0.715,11,-8.072,0,0.0362,0.00125,7.97E-06,0.0942,0.497,155.925,3,rock
204013,0.564,0.714,7,-4.987,1,0.129,0.0549,0,0.155,0.33,175.924,4,rock
195920,0.732,0.396,4,-9.348,0,0.0286,0.0841,3.58E-05,0.105,0.548,90.024,4,rock
163880,0.68,0.694,0,-7.234,1,0.0435,0.445,0,0.209,0.851,114.945,4,rock
256688,0.572,0.155,6,-14.405,1,0.0344,0.835,0.000137,0.0906,0.0949,109.923,3,rock
253920,0.82,0.452,1,-9.796,1,0.0348,0.543,0.00294,0.0714,0.74,117.401,4,rock
306440,0.309,0.649,7,-8.994,1,0.035,0.0158,0.00591,0.367,0.312,166.915,4,rock
219800,0.643,0.655,2,-10.249,1,0.0256,0.217,0.000272,0.0462,0.878,124.731,4,rock
212240,0.664,0.794,5,-5.503,0,0.038,0.0132,0.0137,0.12,0.933,143.013,4,rock
177506,0.505,0.71,3,-3.015,1,0.0321,0.19,0.00025,0.269,0.428,89.938,4,rock
280493,0.506,0.378,4,-11.641,0,0.0332,0.726,0.00514,0.0956,0.297,134.99,4,rock
196784,0.572,0.839,4,-5.083,0,0.0377,0.013,0.00976,0.522,0.465,143.969,4,rock
261760,0.543,0.682,2,-6.928,1,0.0313,0.434,6.75E-06,0.252,0.865,127.31,4,rock
201093,0.511,0.872,10,-4.414,1,0.0491,0.0807,0,0.0975,0.511,84.953,4,rock
257066,0.691,0.686,7,-7.465,0,0.0493,0.000647,0.00456,0.106,0.666,87.312,4,rock
273600,0.201,0.762,7,-6.376,1,0.0337,0.0953,1.46E-05,0.358,0.131,94.832,4,rock
182681,0.744,0.744,7,-4.334,1,0.142,0.247,0,0.116,0.662,104.007,4,rock
228979,0.62,0.864,5,-4.334,0,0.114,0.0323,0,0.117,0.395,98.059,4,rock
187866,0.547,0.257,0,-12.358,1,0.0252,0.907,0.183,0.0935,0.169,75.752,4,rock
214506,0.645,0.713,6,-5.355,1,0.0393,0.00835,0,0.113,0.566,74.989,4,rock
243773,0.815,0.438,0,-14.522,0,0.0346,0.216,0.000466,0.0787,0.552,108.965,4,rock
